# Blender 4.4.3
# www.blender.org
mtllib Tree.mtl
o _2_tree
v -0.016409 0.418383 -0.430329
v 0.104349 0.408535 -0.411149
v 0.244078 0.410964 -0.288463
v 0.442218 0.352986 -0.066213
v 0.430109 0.393286 0.120652
v 0.116204 0.427572 0.412133
v -0.079939 0.416220 0.427227
v -0.359566 0.415472 -0.205917
v 0.183705 0.610310 -0.185069
v 0.283365 0.620656 -0.031119
v 0.151550 0.599721 0.239842
v -0.219670 0.606359 0.189063
v -0.242620 0.610305 0.066359
v -0.101219 0.725003 -0.100816
v -0.110380 0.719519 -0.060123
v -0.104038 0.726204 0.072669
v 0.060389 0.722497 0.158165
v 0.185150 0.731997 0.021123
v 0.096501 0.727313 -0.090983
v -0.000815 0.378788 -0.413009
v 0.114772 0.338777 -0.417911
v 0.206857 0.364794 -0.338593
v 0.298397 0.355171 0.315904
v -0.109008 0.323001 0.429567
v -0.187388 0.359386 0.364476
v -0.396084 0.360292 0.207295
v -0.371181 0.370166 -0.183256
v -0.270661 0.370877 -0.324977
v -0.119233 0.390698 -0.409763
v -0.007085 0.334631 -0.195202
v 0.040138 0.369545 -0.188545
v 0.086973 0.397903 -0.165569
v 0.188284 0.350847 -0.027071
v 0.204322 0.353101 0.018339
v 0.147712 0.371368 0.138364
v 0.100005 0.339902 0.171692
v -0.073139 0.384407 0.182859
v -0.169659 0.360951 0.127897
v -0.194079 0.340988 0.088633
v -0.177154 0.359307 0.009283
v 0.319326 0.331807 -0.045912
v 0.277179 0.365778 -0.131341
v -0.087078 0.361001 -0.300640
v 0.252438 0.342405 0.213039
v -0.005878 0.312660 -0.311053
v 0.063926 0.376828 -0.301232
v -0.245300 0.367722 -0.187378
v -0.051201 0.339369 0.310259
v 0.237952 0.358363 0.359531
v -0.329106 0.415618 0.280195
v -0.410207 0.378852 0.173992
v -0.302161 0.421791 -0.310354
v 0.232431 0.578691 -0.111920
v 0.229430 0.610449 0.182389
v -0.035242 0.601694 0.275485
v -0.143591 0.591231 0.216960
v -0.228153 0.615177 -0.150601
v -0.097122 0.615274 -0.242100
v -0.020762 0.716227 -0.141523
v -0.119159 0.702209 0.027954
v -0.013772 0.734950 0.163270
v 0.033349 0.755815 -0.131873
v 0.347849 0.353446 -0.183144
v 0.428101 0.364283 0.061552
v 0.077540 0.369297 0.432770
v 0.133004 0.353518 -0.125120
v 0.052678 0.350925 0.178836
v 0.007195 0.351066 0.199710
v -0.178752 0.361403 -0.034506
v -0.164943 0.368971 -0.081853
v -0.132365 0.332948 -0.143973
v -0.097364 0.340826 -0.179621
v -0.053488 0.333641 -0.184106
v 0.121442 0.363091 -0.272587
v -0.013033 0.697437 -0.380675
v 0.096391 0.633433 -0.381159
v 0.421116 0.699742 -0.031219
v 0.122129 0.694292 0.391601
v -0.017819 0.872791 -0.271688
v -0.327909 0.711077 0.093330
v -0.299278 0.628524 -0.256355
v 0.114887 0.890296 0.266807
v -0.287776 0.863289 0.024511
v -0.146890 0.896704 -0.258800
v -0.128584 1.005222 0.026124
v 0.137966 0.989461 0.076502
v 0.231303 0.657116 -0.284521
v 0.407242 0.651423 -0.057571
v -0.053279 0.640602 0.402359
v -0.265057 0.660261 0.180452
v -0.396795 0.647587 0.049108
v -0.355443 0.643359 -0.164315
v -0.087057 0.659361 -0.377946
v 0.151911 0.630937 -0.037461
v 0.136313 0.630509 0.134687
v 0.111246 0.630798 0.180900
v 0.018780 0.631562 0.198347
v -0.029638 0.645823 0.194952
v -0.125364 0.636171 0.083138
v -0.164232 0.626018 0.061027
v -0.167731 0.618855 0.014510
v -0.160002 0.626213 -0.035963
v -0.161000 0.619837 -0.080041
v 0.246503 0.644786 -0.104400
v -0.202892 0.630446 -0.207474
v -0.146772 0.654644 0.170479
v -0.016421 0.654176 -0.276373
v 0.268041 0.628106 0.161602
v 0.129690 0.639776 -0.237488
v -0.282761 0.617584 -0.048176
v -0.256311 0.662568 -0.126770
v 0.355611 0.687788 0.197395
v 0.216731 0.662366 0.353166
v -0.047032 0.678955 0.401140
v -0.149165 0.861608 0.224429
v -0.199239 0.697803 -0.327127
v 0.198975 0.879455 -0.213466
v 0.278772 0.896192 -0.051889
v 0.228669 0.880428 0.177124
v 0.011240 0.871477 0.275900
v -0.258143 0.909771 0.135393
v -0.242761 0.914427 -0.146672
v -0.033672 0.994464 -0.148717
v -0.088214 0.998366 -0.120408
v -0.153123 1.015226 -0.071275
v -0.113342 0.999836 0.094791
v 0.052657 0.984024 0.118081
v 0.160156 0.984428 -0.038882
v 0.092773 0.998774 -0.137310
v 0.289798 0.656822 -0.179347
v 0.404257 0.651746 0.055519
v 0.345263 0.644965 0.211889
v 0.119976 0.633862 0.391361
v -0.208797 0.643910 0.307373
v -0.370920 0.624102 0.164155
v -0.380109 0.645666 -0.056094
v 0.030077 0.651384 -0.171728
v 0.090476 0.630399 -0.148012
v 0.141859 0.625972 -0.078666
v 0.184423 0.625745 0.023550
v 0.157460 0.654969 0.092036
v 0.053839 0.627902 0.176911
v -0.103103 0.619667 0.123459
v -0.090209 0.637409 -0.154023
v -0.048066 0.631360 -0.169404
v -0.254783 0.615538 0.101248
v -0.257573 0.641312 0.005856
v 0.157505 0.643348 0.259151
v 0.072530 0.615086 0.324517
v 0.262486 0.980714 0.245702
v -0.351331 0.960246 0.027709
v -0.348709 0.977669 -0.159250
v -0.095738 0.981451 -0.384978
v 0.102129 1.127534 -0.229765
v 0.168960 1.149840 -0.147097
v 0.195822 1.099355 0.112580
v 0.105970 1.141623 0.203443
v -0.055814 1.124409 0.239690
v -0.160481 1.122460 0.176099
v -0.238837 1.131161 -0.095108
v 0.099033 1.233781 0.094399
v 0.102804 1.224028 0.048635
v 0.104136 1.231629 -0.082183
v 0.098479 1.269193 -0.089236
v 0.197152 0.925910 -0.306774
v 0.326535 0.932346 0.154098
v 0.226669 0.931674 0.298651
v 0.111626 0.903713 0.344772
v -0.296915 0.926914 0.222693
v -0.361215 0.937329 -0.035212
v 0.100304 0.930253 -0.156076
v 0.162834 0.901473 -0.045287
v 0.141532 0.920045 0.067339
v 0.089533 0.923660 0.133808
v 0.047380 0.896568 0.150280
v -0.119878 0.944835 0.103875
v -0.182022 0.916703 -0.067475
v -0.115670 0.911803 -0.123281
v -0.083566 0.946416 -0.133242
v 0.236693 0.928561 0.121888
v 0.163514 0.978685 -0.327998
v 0.380913 0.977622 -0.106802
v 0.207753 0.968852 0.305081
v -0.209847 0.903926 0.312930
v -0.345599 0.975564 0.147000
v -0.267753 0.934585 -0.248227
v -0.195166 0.987035 -0.320764
v 0.220340 1.125157 -0.003588
v 0.028232 1.151214 0.251254
v -0.219064 1.160909 0.055934
v -0.227643 1.106508 -0.025269
v -0.143187 1.113149 -0.159467
v 0.006619 1.237310 -0.132780
v -0.099758 1.218634 0.084041
v 0.002803 1.252262 0.123484
v 0.111244 1.229992 -0.008574
v 0.092283 0.918089 -0.339542
v 0.273805 0.912874 -0.236710
v 0.368037 0.928913 -0.063233
v 0.021380 0.919762 0.353732
v -0.337458 0.921240 -0.154112
v -0.107200 0.927734 -0.365232
v 0.058814 0.914525 -0.163677
v 0.142782 0.906855 -0.129147
v 0.174605 0.932560 -0.064422
v 0.164431 0.896226 0.018412
v 0.134418 0.901749 0.113679
v 0.033358 0.926356 0.170973
v -0.036082 0.890560 0.148390
v -0.097432 0.929321 0.147116
v -0.153541 0.897658 0.083907
v -0.172799 0.913756 0.030387
v -0.040075 0.916974 -0.153149
v -0.170614 0.910909 0.226044
v 0.351468 0.933486 0.020280
v 0.124673 0.935476 -0.240118
v -0.260235 0.905305 0.045477
v -0.277733 0.928986 -0.012641
v 0.063593 0.910788 0.261666
v 0.263331 1.497095 -0.115508
v -0.141267 1.462258 0.253861
v -0.263428 1.492955 0.118285
v -0.234008 1.485966 -0.172260
v 0.134592 1.628661 -0.130394
v 0.185544 1.629334 -0.086652
v 0.161803 1.614204 -0.030416
v -0.162796 1.602832 -0.128727
v -0.114654 1.621531 -0.164792
v -0.031917 1.597321 -0.171343
v -0.037263 1.740059 -0.074724
v 0.032732 1.712392 -0.092933
v -0.078186 1.698159 -0.074506
v -0.083335 1.691410 0.058284
v -0.016016 1.710025 0.095835
v 0.109649 1.687414 -0.036143
v 0.158160 1.456430 -0.249679
v 0.290268 1.455600 -0.053745
v 0.266307 1.452515 0.042735
v 0.233859 1.466244 0.206952
v -0.019340 1.455122 0.296253
v -0.208631 1.451442 -0.177505
v -0.169026 1.422960 -0.246387
v -0.082254 1.432138 -0.282124
v 0.093817 1.410780 -0.080564
v 0.143545 1.444813 -0.000395
v 0.107179 1.443475 0.104831
v -0.004990 1.451174 0.130846
v -0.123092 1.449797 0.060065
v -0.117619 1.438470 -0.081032
v 0.193218 1.398420 -0.087588
v -0.138312 1.448603 0.158987
v 0.164416 1.460764 0.145323
v -0.209588 1.447652 -0.024766
v 0.261507 1.481568 0.133385
v 0.126090 1.456584 0.250124
v 0.036364 1.622408 -0.182659
v -0.293451 1.467802 -0.027422
v 0.149691 1.627070 0.131167
v 0.084712 1.605799 0.149867
v -0.000880 1.614713 0.192424
v -0.100159 1.610214 0.136793
v -0.163356 1.605855 0.047049
v -0.180242 1.617630 -0.005106
v 0.055891 1.687158 0.071152
v 0.027837 1.452056 -0.294970
v 0.245973 1.437564 -0.119489
v -0.201348 1.457476 0.216084
v -0.258418 1.441145 0.118015
v -0.280753 1.448004 -0.114353
v 0.006512 1.445842 -0.136750
v 0.042446 1.461529 -0.144559
v 0.133520 1.433256 -0.058387
v 0.132810 1.454041 0.034521
v 0.060967 1.423100 0.132480
v -0.074694 1.439894 0.124910
v -0.129531 1.455338 0.014661
v -0.045126 1.444853 -0.117676
v 0.208966 1.440580 -0.031697
v 0.214875 1.433776 0.050517
v -0.196152 1.435830 0.089580
v 0.086167 1.439862 0.191874
v 0.106270 1.196413 -0.338451
v 0.173263 1.240670 -0.298827
v 0.295148 1.244995 -0.026949
v 0.002585 1.435413 -0.201799
v -0.096049 1.201448 0.346755
v -0.267554 1.237565 0.217942
v -0.332506 1.239885 0.127029
v -0.265314 1.198204 -0.211749
v 0.167017 1.358961 -0.139125
v 0.220331 1.372219 -0.038421
v 0.158323 1.401161 0.157369
v -0.034212 1.414077 0.226569
v -0.114636 1.493831 -0.063236
v -0.095144 1.500372 0.087727
v 0.095294 1.499635 0.093013
v 0.132100 1.494383 0.014127
v 0.112542 1.498357 -0.058643
v 0.320388 1.190260 -0.150386
v 0.323058 1.176327 0.146800
v 0.230812 1.196047 0.274884
v 0.113719 1.223168 0.342848
v -0.327827 1.162559 0.143813
v -0.140211 1.205723 -0.307058
v -0.052255 1.201010 -0.335651
v 0.124832 1.195680 -0.123127
v 0.147814 1.180905 0.003384
v -0.128936 1.180622 -0.068153
v -0.025881 1.180032 -0.169051
v -0.062452 1.188860 -0.196709
v -0.194396 1.205431 -0.161175
v -0.180629 1.185312 0.193278
v 0.206493 1.201958 0.140605
v 0.056272 1.186245 -0.232085
v -0.240330 1.210925 0.096348
v -0.264384 1.157294 0.033381
v 0.086235 1.212725 0.248548
v 0.014379 1.239404 -0.341571
v 0.293359 1.224842 -0.177985
v 0.031239 1.240554 0.342171
v -0.343984 1.205012 0.038565
v 0.122408 1.375535 -0.202141
v -0.145086 1.388068 0.185308
v -0.238193 1.430585 0.052972
v -0.220174 1.401805 -0.081400
v -0.147041 1.386471 -0.161387
v -0.047333 1.354679 -0.209769
v -0.113596 1.475074 -0.013722
v -0.028304 1.497405 0.127083
v 0.007204 1.192440 0.348051
v -0.242300 1.198328 0.244117
v -0.363461 1.195500 -0.047401
v -0.330866 1.195200 -0.114603
v 0.041791 1.193081 -0.148594
v 0.084741 1.183872 -0.140353
v 0.114658 1.202757 -0.052339
v 0.140677 1.176200 0.074485
v 0.221993 1.186132 -0.073101
v 0.145262 1.171962 0.226262
v 0.171564 1.186799 -0.294925
v -0.012727 1.175549 0.264939
v -0.019386 1.863119 -0.227588
v 0.080210 1.874315 -0.228075
v 0.243812 1.826308 -0.036927
v 0.086435 1.844905 0.195944
v -0.023974 1.878462 0.232685
v -0.191268 1.898101 0.145447
v -0.253288 1.819001 0.047837
v -0.169198 1.849979 -0.113385
v -0.080242 1.869305 -0.201524
v 0.045200 2.054792 -0.138964
v 0.103697 2.037711 0.083795
v -0.087192 2.050119 0.124951
v 0.136194 1.829596 -0.215067
v 0.191332 1.851000 -0.136503
v 0.241691 1.828501 -0.100179
v 0.266985 1.824973 0.023968
v 0.227246 1.843611 0.076303
v 0.180224 1.799385 0.159063
v 0.055109 1.818766 0.225296
v -0.048013 1.829934 0.225984
v -0.121957 1.848552 0.204441
v -0.199306 1.843202 0.136370
v -0.226046 1.846555 -0.010949
v -0.230752 1.841739 -0.082237
v -0.134914 1.825127 -0.166334
v -0.062230 1.822995 -0.212069
v 0.048060 1.804881 -0.096456
v 0.109490 1.828222 -0.051169
v 0.121502 1.819115 0.006975
v 0.086734 1.827906 0.066413
v 0.010290 1.828409 0.102497
v -0.040065 1.823658 0.102596
v -0.087732 1.832512 0.074554
v -0.106887 1.830394 0.024847
v -0.104769 1.816899 -0.045595
v -0.081092 1.834877 -0.066023
v -0.041566 1.824857 -0.075577
v 0.180471 1.803940 0.023669
v 0.160005 1.839678 0.071248
v 0.003401 2.080730 -0.216613
v 0.065882 2.092551 -0.194292
v 0.219995 2.080332 -0.009449
v 0.158523 2.112081 0.070496
v -0.071704 2.061241 0.183856
v -0.189740 2.094378 0.034928
v 0.046164 2.189311 -0.136614
v 0.113556 2.220263 -0.090207
v 0.122431 2.238739 -0.016393
v 0.041192 2.220133 0.076979
v -0.113073 2.239968 0.049690
v -0.100613 2.209494 -0.045211
v -0.013620 2.476620 0.010402
v 0.015985 2.042931 -0.191949
v 0.124328 2.067352 -0.172530
v 0.164727 2.038084 -0.084624
v 0.213107 2.030425 -0.003916
v 0.175141 2.069638 0.079984
v 0.158170 2.030006 0.129234
v 0.067198 2.042328 0.141109
v -0.164451 2.069124 0.083324
v -0.196780 2.036706 -0.002674
v -0.192308 2.056747 -0.070544
v -0.076984 2.071785 -0.138174
v -0.045488 2.325169 0.022493
v -0.016439 2.379977 -0.024807
v 0.084757 2.271178 0.038978
v 0.037001 2.331026 -0.026088
v -0.004893 2.331246 0.061194
v -0.077777 2.189335 -0.100275
v -0.144542 2.091970 -0.097748
v 0.110957 2.145716 -0.124690
v -0.092375 2.206323 0.073513
v -0.042167 2.134454 0.133485
v 0.021945 2.129040 0.131414
v 0.073434 2.154737 0.139311
v -0.118641 2.171729 -0.017890
v -0.045167 2.137826 -0.108107
v 0.149328 2.147724 -0.048899
v -0.031355 2.240824 0.120142
v 0.081640 2.124851 0.085224
v -0.144877 2.139798 0.043310
v 0.020213 1.677804 -0.268497
v 0.088327 1.654163 -0.257071
v 0.251979 1.668562 -0.068330
v 0.012420 1.681702 0.272871
v -0.273506 1.635795 0.051232
v -0.210871 1.688591 -0.182720
v 0.144212 1.798905 -0.074577
v 0.150385 1.795181 0.127834
v 0.083059 1.803685 0.152572
v -0.051130 1.800097 0.171456
v -0.157369 1.821234 0.074835
v -0.175373 1.792434 0.038177
v -0.151780 1.796665 -0.056724
v -0.092748 1.792000 -0.117052
v 0.256580 1.661181 -0.122873
v 0.270291 1.632358 0.020872
v 0.213685 1.635874 0.115342
v 0.168999 1.643962 0.208093
v -0.256039 1.639927 -0.017458
v -0.239117 1.657074 -0.132141
v -0.136818 1.660293 -0.247498
v -0.000219 1.633621 -0.272926
v 0.097318 1.611081 -0.087040
v -0.106519 1.649902 -0.005111
v -0.088015 1.637259 -0.079996
v -0.077165 1.665173 -0.105908
v 0.127532 1.630395 0.100148
v -0.019770 1.640844 0.263271
v 0.048895 1.812357 0.169708
v -0.009428 1.812598 0.154491
v -0.102734 1.809992 0.148168
v -0.135087 1.797393 0.115439
v 0.198091 1.664093 -0.186240
v 0.094928 1.656791 0.241217
v -0.114958 1.674875 0.225129
v 0.036221 1.640110 -0.112118
v 0.081063 1.655020 -0.104194
v 0.120122 1.634835 -0.028606
v -0.116942 1.642334 0.050879
v -0.056605 1.624959 -0.117868
v -0.199245 1.645896 0.174976
v -0.158218 1.641362 0.100605
v -0.177942 1.638646 0.025562
v 0.060709 1.647609 0.177425
v -0.188831 1.647995 -0.108252
v 0.047565 1.831533 0.125995
v 0.127612 1.807806 0.079028
v -0.003721 2.044324 0.152662
v 0.022665 2.035954 0.127538
v -0.058150 1.839964 0.153960
v -0.048198 2.057169 0.120804
v -0.086909 1.788920 0.115638
v 0.163682 2.039741 0.014851
v 0.142877 2.044407 0.063848
v -0.123739 2.052533 0.084467
v -0.136277 2.035723 0.012277
v -0.155284 1.809726 -0.001655
v 0.128216 2.038304 -0.095310
v 0.130949 1.838381 -0.088297
v 0.086119 2.056106 -0.135900
v 0.112210 1.821658 -0.119005
v -0.013091 2.037291 -0.114992
v -0.103104 2.059454 -0.085535
v -0.136400 2.044834 -0.062642
v -0.118873 1.825293 -0.084354
v 0.050497 1.813110 -0.152886
v -0.012512 1.805198 -0.141954
v -0.049710 1.809176 -0.131568
v 0.138979 1.428558 0.124547
v 0.097621 1.440465 0.146703
v -0.009075 1.645517 0.163545
v -0.017803 1.455104 0.176606
v -0.044418 1.652269 0.151179
v -0.051725 1.428983 0.172758
v -0.098732 1.419938 0.161536
v -0.127892 1.441590 0.120942
v 0.153639 1.426917 0.066858
v 0.065185 1.632387 0.115134
v -0.115182 1.626061 0.107213
v -0.177076 1.466583 0.080868
v 0.173366 1.442109 0.024518
v 0.139483 1.639842 0.012107
v 0.175654 1.427783 -0.026022
v -0.144210 1.638643 -0.011186
v -0.180210 1.445646 0.006445
v 0.184624 1.438898 -0.085167
v -0.130020 1.632892 -0.061318
v -0.168291 1.446692 -0.073816
v 0.106348 1.443829 -0.152847
v 0.098380 1.633609 -0.146976
v 0.139219 1.436339 -0.120555
v 0.049550 1.627891 -0.146083
v -0.135251 1.646480 -0.117118
v -0.142063 1.422236 -0.118024
v -0.130984 1.446534 -0.149781
v -0.040675 1.451257 -0.188002
v 0.063991 1.185346 0.174934
v -0.012709 1.202058 0.176730
v 0.106125 1.202407 0.165322
v 0.136538 1.217531 0.139923
v -0.089945 1.199656 0.125890
v -0.138985 1.149117 0.113164
v -0.178514 1.175501 0.068581
v -0.176305 1.196600 0.019274
v -0.181280 1.171892 -0.021666
v -0.176601 1.159054 -0.083680
v 0.002057 1.176513 -0.192739
v -0.074598 1.204952 -0.131403
v 0.067770 0.897594 0.217292
v 0.006902 0.920908 0.226143
v -0.066161 0.907389 0.215340
v 0.184829 0.912570 0.103384
v 0.141608 0.927221 0.204178
v 0.169818 0.927998 0.148600
v -0.132371 0.916532 0.182461
v -0.190928 0.923526 0.165729
v -0.209974 0.919769 0.094706
v 0.242065 0.911220 0.025147
v 0.230928 0.928187 -0.040433
v -0.210919 0.888377 0.030820
v -0.229823 0.913485 -0.024878
v 0.197077 0.910865 -0.089934
v -0.230125 0.936280 -0.105097
v 0.174247 0.909797 -0.170588
v -0.010818 0.919651 -0.237970
v 0.063341 0.930239 -0.215460
v -0.070848 0.904757 -0.241415
v -0.121032 0.930934 -0.191160
v -0.160517 0.917031 -0.185032
v 0.002129 0.632934 0.241502
v 0.080344 0.652675 0.255086
v -0.054767 0.630559 0.246168
v 0.224521 0.609750 0.142431
v 0.132261 0.631134 0.219978
v 0.165606 0.615961 0.165837
v -0.179504 0.642721 0.133274
v -0.198761 0.635049 0.050428
v 0.258344 0.629994 0.032493
v 0.208765 0.630673 -0.053949
v -0.248093 0.619951 -0.035887
v 0.161773 0.659532 -0.107357
v -0.226663 0.625991 -0.104578
v 0.148280 0.639820 -0.171579
v 0.119970 0.627573 -0.199992
v 0.057430 0.641793 -0.227953
v -0.062636 0.653906 -0.217114
v -0.119190 0.649796 -0.199876
v -0.178833 0.624296 -0.157987
v -0.006656 -0.011365 -0.073187
v 0.103046 -0.011417 -0.020983
v 0.077944 -0.011406 0.061445
v -0.048377 -0.011360 0.082710
v -0.095472 -0.011369 -0.024055
v 0.001317 0.248746 -0.039427
v 0.037720 0.250663 0.000321
v 0.021346 0.247149 0.064296
v -0.050297 0.245323 0.065210
v -0.067373 0.244871 -0.002267
v 0.046925 0.136041 -0.041465
v 0.029893 0.131847 0.018083
v -0.028604 0.120798 0.022449
v -0.055677 0.117575 -0.037965
v -0.007294 0.125638 -0.072479
v -0.000480 0.361667 -0.033238
v -0.006859 0.357683 -0.037650
v -0.013766 0.352011 -0.042515
v -0.023542 0.350784 -0.048958
v -0.031894 0.351152 -0.054370
v -0.035479 0.351940 -0.052743
v 0.006583 0.355288 -0.027779
v 0.014827 0.354966 -0.018820
v 0.015132 0.354886 -0.013434
v -0.046273 0.349579 -0.046350
v -0.053764 0.359041 -0.029304
v 0.016008 0.358610 0.017529
v 0.015403 0.355245 -0.006960
v 0.017100 0.351198 0.040120
v 0.008171 0.353988 0.054223
v 0.013229 0.352855 0.054279
v -0.008213 0.354188 0.054333
v -0.034212 0.365066 0.052709
v -0.056360 0.357056 -0.016959
v -0.057734 0.357069 0.027250
v -0.053461 0.362449 0.052646
v -0.058653 0.356590 -0.005589
v -0.058913 0.356311 -0.004381
v -0.058618 0.352044 0.013169
vn 0.0233 0.6297 0.7765
vn 0.6840 0.4746 0.5540
vn 0.1717 0.6296 -0.7577
vn 0.5631 0.5084 -0.6514
vn 0.8554 0.5150 -0.0556
vn -0.4832 -0.0479 -0.8742
vn -0.7473 -0.5736 -0.3355
vn -0.5688 -0.7184 -0.4004
vn 0.4888 -0.7864 0.3776
vn 0.5981 -0.7485 -0.2863
vn -0.5125 -0.8570 -0.0534
vn 0.9328 -0.3350 0.1327
vn -0.5082 0.0100 0.8612
vn 0.4174 0.0445 0.9076
vn 0.6311 0.2776 -0.7243
vn 0.7396 0.1224 -0.6619
vn -0.8051 0.3026 0.5101
vn 0.1361 -0.9147 0.3804
vn 0.4881 0.5128 0.7062
vn -0.2462 -0.9316 -0.2676
vn 0.1615 -0.8225 -0.5454
vn -0.6978 -0.7162 0.0082
vn 0.1599 -0.9810 -0.1102
vn -0.0674 -0.9878 -0.1401
vn 0.2411 -0.9704 -0.0163
vn -0.0200 -0.9996 -0.0192
vn -0.0201 -0.9996 -0.0202
vn -0.0204 -0.9993 -0.0315
vn -0.7281 0.5802 -0.3651
vn 0.6315 0.3869 -0.6719
vn -0.7715 0.3551 -0.5280
vn -0.7645 0.1350 0.6303
vn -0.2724 0.3759 -0.8857
vn -0.9277 0.3265 0.1811
vn 0.4648 0.4877 0.7390
vn 0.5113 0.3282 -0.7943
vn 0.2201 -0.7306 -0.6464
vn -0.1652 0.9426 -0.2903
vn 0.7010 0.6845 0.2005
vn -0.0217 -0.0295 -0.9993
vn 0.7134 0.1664 -0.6807
vn 0.9900 0.1207 -0.0726
vn 0.3779 0.8763 0.2987
vn 0.3376 -0.9413 0.0054
vn 0.3366 -0.9416 0.0082
vn 0.3381 -0.9411 0.0042
vn -0.2373 0.8045 0.5445
vn -0.0193 -0.9589 0.2831
vn 0.1701 -0.9854 0.0041
vn -0.0559 -0.9931 -0.1032
vn 0.0401 -0.9992 0.0039
vn 0.0208 -0.9974 -0.0688
vn 0.0747 -0.9904 -0.1159
vn 0.1750 -0.7290 -0.6618
vn -0.8259 -0.2316 0.5141
vn 0.7101 -0.5195 -0.4752
vn 0.7417 0.0472 0.6690
vn 0.7498 0.6340 0.1895
vn 0.5328 0.4952 -0.6862
vn -0.5380 0.5313 0.6544
vn 0.0770 0.5389 0.8389
vn 0.7462 0.5561 0.3660
vn -0.8325 0.5531 -0.0310
vn -0.2427 0.7786 -0.5786
vn 0.1068 -0.9053 -0.4112
vn 0.6809 0.1453 -0.7179
vn -0.9643 -0.2073 -0.1646
vn 0.2135 -0.0653 -0.9747
vn 0.8226 0.0129 0.5684
vn -0.7716 -0.2085 -0.6010
vn 0.6913 0.2334 0.6838
vn -0.1735 -0.9847 0.0164
vn -0.1277 -0.9859 0.1079
vn 0.0219 -0.9860 0.1653
vn -0.5161 -0.8565 -0.0024
vn 0.0423 -0.9991 -0.0006
vn -0.1211 -0.9836 -0.1337
vn -0.3072 -0.8767 -0.3702
vn 0.0763 -0.9960 -0.0456
vn 0.0189 -0.9965 0.0819
vn -0.4672 -0.6028 0.6468
vn 0.8846 0.0700 0.4610
vn 0.0149 -0.9982 0.0576
vn -0.7803 0.5707 -0.2557
vn 0.7270 0.5646 0.3908
vn -0.4495 0.6277 0.6355
vn 0.5943 0.5113 -0.6208
vn 0.7982 0.5835 0.1494
vn -0.8003 -0.5531 -0.2315
vn -0.7367 0.6753 0.0352
vn -0.7991 0.5335 -0.2771
vn 0.1055 -0.7146 -0.6916
vn 0.3900 -0.3401 0.8557
vn -0.5130 0.6206 0.5930
vn 0.4304 0.3134 -0.8465
vn 0.6705 0.7173 0.1895
vn 0.7997 -0.1952 -0.5677
vn -0.8549 -0.0853 0.5117
vn -0.9716 -0.0951 0.2166
vn -0.3655 -0.8084 -0.4614
vn -0.0121 -0.9907 -0.1354
vn 0.1617 -0.9781 -0.1309
vn -0.0106 -0.9898 0.1421
vn -0.1647 -0.9413 0.2946
vn 0.3049 -0.7833 0.5417
vn -0.1715 0.9069 0.3849
vn 0.5098 0.5562 0.6563
vn -0.1280 0.5160 0.8470
vn 0.2914 0.5670 -0.7705
vn -0.7869 0.4833 -0.3838
vn 0.9208 0.3900 0.0062
vn 0.9211 0.3893 0.0059
vn 0.9175 0.3976 0.0097
vn -0.5384 0.5164 -0.6660
vn -0.9029 0.4267 -0.0511
vn 0.5238 -0.5897 -0.6147
vn -0.5684 0.1710 0.8048
vn 0.7026 -0.0734 -0.7078
vn 0.8170 0.5702 -0.0858
vn -0.0018 0.1222 0.9925
vn -0.0875 -0.9719 0.2185
vn 0.0336 -0.9994 -0.0106
vn -0.2086 -0.9732 -0.0968
vn -0.0630 -0.9902 -0.1243
vn -0.0307 -0.9935 -0.1094
vn -0.2146 -0.9767 -0.0041
vn -0.0834 -0.9922 -0.0929
vn 0.0051 -0.9989 -0.0469
vn 0.9381 0.3459 -0.0195
vn -0.8756 0.4400 -0.1995
vn -0.7248 0.3105 -0.6150
vn -0.6593 -0.0277 0.7514
vn -0.3880 0.0585 -0.9198
vn -0.0078 -0.1330 0.9911
vn -0.8580 0.0410 0.5120
vn -0.1290 -0.7445 0.6550
vn -0.1536 -0.8618 0.4835
vn 0.5715 -0.6895 -0.4450
vn 0.1012 -0.9099 -0.4022
vn -0.0903 0.9618 0.2583
vn 0.9203 0.3844 -0.0728
vn 0.5505 0.3369 0.7638
vn 0.5506 0.3393 0.7627
vn 0.5506 0.3394 0.7627
vn 0.8762 0.1768 -0.4483
vn -0.3815 0.5322 0.7558
vn -0.6547 0.1592 0.7389
vn -0.7289 0.4874 -0.4807
vn 0.4249 0.3212 0.8463
vn -0.6915 0.2009 0.6938
vn -0.9136 0.1625 -0.3728
vn 0.8771 0.3789 -0.2952
vn 0.2734 0.3222 -0.9063
vn -0.9903 0.1370 -0.0248
vn -0.5353 -0.5793 -0.6147
vn 0.3747 -0.4159 -0.8286
vn 0.7119 0.4067 0.5726
vn 0.1306 0.0086 0.9914
vn 0.0296 -0.9386 0.3438
vn -0.4016 -0.8897 -0.2170
vn -0.4809 -0.7702 -0.4190
vn -0.7716 0.4782 -0.4193
vn 0.2367 0.2908 -0.9270
vn 0.7256 0.6816 0.0944
vn -0.6865 0.4982 0.5297
vn -0.1436 0.4196 -0.8963
vn -0.2363 0.4605 0.8556
vn 0.4102 0.2928 0.8637
vn -0.7646 0.4345 -0.4761
vn -0.4487 0.3378 -0.8274
vn 0.7237 0.6439 -0.2482
vn -0.6253 0.5084 0.5921
vn -0.2959 0.3158 0.9015
vn -0.6604 0.3927 0.6401
vn -0.6128 0.5525 -0.5650
vn 0.2448 0.5636 0.7890
vn 0.6727 0.3129 -0.6705
vn 0.4619 0.3687 0.8067
vn 0.8052 0.5622 -0.1885
vn 0.7710 0.6365 -0.0211
vn 0.5757 0.6456 -0.5017
vn -0.1714 0.6657 -0.7262
vn 0.4101 0.5662 -0.7150
vn -0.6871 -0.3790 -0.6199
vn 0.4385 -0.6317 -0.6393
vn 0.3947 0.8458 0.3590
vn 0.2870 0.9454 -0.1544
vn 0.2572 0.5842 -0.7698
vn -0.1489 0.1666 -0.9747
vn 0.1719 0.0192 -0.9849
vn 0.4310 0.3994 0.8092
vn -0.0345 0.9691 -0.2442
vn 0.2771 0.8999 -0.3367
vn 0.2658 -0.9201 -0.2877
vn 0.0147 -0.9983 -0.0563
vn 0.2144 -0.9564 -0.1981
vn 0.2553 -0.9460 -0.1999
vn 0.0441 -0.9932 0.1079
vn -0.2427 -0.9018 -0.3576
vn 0.3367 -0.8464 -0.4126
vn 0.3360 -0.9114 0.2375
vn 0.1170 -0.3462 -0.9308
vn 0.2900 -0.6535 -0.6992
vn 0.2911 0.9417 -0.1686
vn -0.2884 -0.9223 -0.2574
vn -0.6522 0.6591 -0.3744
vn 0.6562 0.2336 0.7175
vn 0.5066 0.5902 0.6285
vn 0.8431 0.3964 -0.3634
vn -0.4590 0.6649 0.5893
vn 0.1998 0.6339 0.7472
vn 0.9821 0.1867 0.0250
vn 0.3695 0.7150 -0.5935
vn 0.8916 0.1148 -0.4381
vn 0.0073 -0.8801 -0.4747
vn -0.2609 -0.9365 0.2345
vn -0.2942 0.8953 0.3345
vn -0.4450 0.6455 -0.6207
vn -0.7946 0.5495 -0.2583
vn -0.1755 -0.9472 -0.2685
vn 0.5030 0.6488 -0.5710
vn -0.1194 0.2500 -0.9608
vn 0.6846 0.6925 0.2276
vn 0.2302 -0.9559 0.1826
vn -0.3970 0.6777 0.6190
vn 0.4314 0.6329 -0.6430
vn 0.5953 -0.7951 0.1158
vn 0.3516 -0.7537 0.5553
vn 0.0620 -0.9979 -0.0168
vn 0.7009 -0.5733 -0.4243
vn 0.1155 -0.9496 0.2914
vn -0.5230 -0.6784 -0.5160
vn -0.7362 0.6275 -0.2534
vn 0.2932 -0.5982 -0.7458
vn 0.3065 -0.5920 -0.7454
vn -0.6685 -0.7060 -0.2340
vn 0.4615 -0.7283 0.5065
vn -0.3306 -0.9396 -0.0888
vn 0.0265 -0.9706 0.2391
vn 0.6514 0.4878 -0.5811
vn -0.7499 0.6112 0.2532
vn 0.7688 0.4882 -0.4131
vn -0.4257 0.2998 0.8538
vn -0.1552 0.6487 -0.7451
vn -0.8236 0.5650 -0.0506
vn -0.2031 0.5146 0.8330
vn 0.7469 0.6280 0.2187
vn 0.6235 0.4854 0.6129
vn -0.3966 0.6430 0.6552
vn -0.4609 0.4928 0.7380
vn 0.3866 0.6165 -0.6859
vn -0.6623 -0.5946 0.4559
vn -0.0501 0.9987 0.0105
vn -0.4645 0.7113 -0.5276
vn 0.6780 0.6922 -0.2471
vn -0.2853 0.8225 0.4920
vn 0.0934 0.9952 -0.0289
vn 0.0267 0.7212 0.6923
vn 0.5807 -0.7479 0.3216
vn -0.2979 0.8496 0.4353
vn -0.5319 0.8416 0.0940
vn 0.2980 0.9353 -0.1910
vn 0.3370 0.6949 -0.6353
vn -0.6765 0.7215 -0.1476
vn -0.7557 -0.4944 0.4295
vn 0.2956 0.9198 0.2580
vn -0.2592 0.6769 -0.6889
vn -0.9074 -0.4202 0.0089
vn 0.0420 -0.0861 -0.9954
vn 0.6160 0.1667 -0.7699
vn -0.5703 0.1978 0.7973
vn -0.9746 0.1942 -0.1112
vn 0.6607 -0.6825 0.3125
vn -0.5735 -0.3067 0.7596
vn -0.0672 -0.4220 -0.9041
vn -0.8194 -0.2138 -0.5318
vn 0.0087 0.1461 0.9892
vn -0.0402 -0.9837 -0.1751
vn -0.3439 -0.9386 0.0262
vn -0.3214 -0.9088 -0.2659
vn -0.1298 -0.9870 0.0948
vn -0.1766 -0.9683 -0.1764
vn -0.2769 -0.9608 0.0156
vn 0.6319 -0.7660 0.1183
vn 0.0682 -0.9875 0.1418
vn 0.0009 -1.0000 0.0045
vn -0.3850 -0.8716 0.3035
vn -0.0638 -0.9923 0.1062
vn 0.1773 -0.9827 0.0537
vn -0.0205 -0.9993 -0.0324
vn -0.0284 -0.9976 -0.0625
vn -0.0660 -0.9978 0.0102
vn -0.0394 -0.9852 0.1666
vn -0.0021 -0.9941 0.1081
vn 0.1311 -0.9870 -0.0932
vn -0.3229 -0.8783 -0.3526
vn -0.2919 -0.8845 -0.3641
vn 0.1020 -0.9945 -0.0253
vn 0.0744 -0.9972 -0.0010
vn -0.0248 -0.9775 -0.2095
vn 0.0765 -0.9732 0.2166
vn -0.2435 -0.9323 -0.2675
vn -0.0139 -0.9873 -0.1586
vn -0.1794 -0.9837 0.0105
vn -0.3595 0.6253 -0.6927
vn 0.4183 -0.7400 -0.5267
vn 0.5006 -0.8602 0.0973
vn 0.5936 0.4856 0.6418
vn -0.1496 -0.9243 -0.3512
vn 0.2350 0.4948 -0.8366
vn -0.2808 0.5816 0.7635
vn -0.0105 0.5421 0.8402
vn 0.8464 0.2754 -0.4558
vn -0.8999 0.4083 -0.1531
vn -0.1002 0.4693 -0.8773
vn 0.7879 0.5698 0.2335
vn -0.5811 0.1602 0.7979
vn -0.6824 0.3821 -0.6232
vn -0.9441 0.3052 0.1244
vn 0.1977 0.5287 -0.8255
vn 0.0641 0.9976 0.0267
vn 0.3817 0.7594 -0.5268
vn -0.3385 0.8801 -0.3329
vn -0.3582 0.8811 -0.3089
vn 0.0722 -0.8244 -0.5614
vn 0.6419 0.7653 -0.0480
vn 0.3711 0.9013 -0.2235
vn 0.6295 -0.7596 -0.1634
vn -0.2157 0.8898 -0.4021
vn 0.7274 -0.6494 -0.2217
vn 0.3158 0.9241 0.2151
vn 0.1310 0.8433 -0.5212
vn -0.3225 0.5276 0.7859
vn 0.1457 -0.7395 0.6572
vn 0.2461 -0.7492 0.6149
vn 0.5709 0.8131 0.1134
vn 0.5267 0.7079 0.4706
vn -0.5239 0.3846 0.7600
vn 0.9570 -0.2890 0.0261
vn 0.0597 0.0048 0.9982
vn 0.3714 -0.0169 0.9283
vn -0.6326 0.7660 -0.1143
vn -0.4625 -0.2116 -0.8610
vn -0.8248 0.3841 0.4151
vn -0.0272 0.9981 0.0549
vn -0.3343 0.6890 0.6431
vn -0.7426 0.6036 0.2902
vn -0.1471 -0.9185 -0.3669
vn 0.2391 -0.9425 -0.2334
vn 0.1743 -0.9684 0.1786
vn -0.0505 -0.9834 -0.1745
vn 0.4046 -0.9135 -0.0437
vn 0.3362 -0.9417 0.0091
vn 0.1215 -0.8401 0.5287
vn 0.2647 0.9643 0.0055
vn 0.0965 -0.9602 -0.2622
vn -0.0937 -0.8948 0.4366
vn -0.0692 -0.9432 -0.3249
vn -0.1064 -0.9719 -0.2100
vn -0.2603 -0.8830 -0.3905
vn 0.5107 -0.8477 -0.1435
vn -0.0091 -0.9664 0.2569
vn 0.2904 -0.8548 -0.4301
vn 0.0788 0.9961 0.0390
vn 0.0219 -0.9734 -0.2279
vn -0.1888 -0.9819 0.0167
vn 0.1338 -0.9879 -0.0789
vn 0.0071 -0.9753 -0.2209
vn -0.1177 -0.9794 0.1640
vn -0.1424 -0.9679 -0.2072
vn -0.1275 -0.9901 0.0587
vn 0.1031 -0.8603 0.4992
vn 0.1385 -0.9894 -0.0427
vn 0.0819 -0.9903 -0.1123
vn -0.0538 -0.7574 0.6507
vn 0.0748 0.8820 0.4652
vn -0.7076 0.7020 0.0806
vn 0.9488 0.0611 0.3098
vn 0.1009 0.9867 -0.1273
vn 0.1027 -0.9520 0.2883
vn 0.0961 0.9866 -0.1319
vn -0.4266 0.8984 0.1044
vn 0.3081 -0.9512 0.0192
vn 0.0564 -0.9801 0.1904
vn -0.2035 0.4169 0.8859
vn 0.4981 0.6385 0.5867
vn -0.3961 0.5998 -0.6952
vn 0.6387 0.7633 -0.0974
vn -0.5628 0.5957 0.5731
vn 0.0880 0.6669 -0.7399
vn -0.8045 0.5648 0.1839
vn 0.7692 0.6011 0.2169
vn 0.6536 0.5399 -0.5305
vn -0.7827 0.5846 -0.2134
vn -0.3316 0.7454 -0.5783
vn -0.3860 0.7120 0.5866
vn -0.4425 0.5456 0.7117
vn -0.7243 0.6367 -0.2644
vn -0.1461 0.9880 -0.0505
vn -0.3111 0.6968 0.6463
vn -0.4109 0.8447 0.3430
vn 0.2996 0.8107 0.5030
vn 0.7294 0.6831 0.0365
vn -0.1795 0.8044 -0.5664
vn 0.2719 0.7836 -0.5586
vn 0.4393 -0.5466 -0.7130
vn -0.1771 0.6996 -0.6923
vn -0.0219 0.5312 0.8469
vn -0.7226 0.6898 0.0453
vn 0.2707 0.8373 -0.4750
vn 0.2408 0.2206 0.9452
vn 0.3056 -0.1811 -0.9348
vn 0.9768 -0.0809 0.1982
vn -0.5626 -0.2418 -0.7906
vn 0.3093 0.9375 0.1596
vn 0.1018 -0.3623 -0.9265
vn 0.7648 -0.5299 -0.3664
vn -0.7863 -0.6069 0.1157
vn -0.2841 0.9399 0.1895
vn 0.2121 -0.9598 0.1838
vn -0.0648 -0.9809 -0.1834
vn -0.2377 0.9700 -0.0514
vn 0.6036 -0.7626 -0.2323
vn 0.0787 -0.9812 0.1764
vn -0.0486 0.9915 -0.1208
vn 0.1169 -0.9899 0.0805
vn -0.0021 0.9626 -0.2708
vn -0.3700 -0.8909 -0.2635
vn 0.0682 -0.9968 -0.0422
vn -0.4584 -0.8888 -0.0014
vn 0.4005 -0.8673 0.2956
vn 0.0791 0.9747 -0.2092
vn -0.3559 -0.8993 -0.2542
vn -0.3160 -0.9171 0.2430
vn 0.0561 -0.9949 -0.0841
vn -0.1436 -0.9892 -0.0296
vn -0.1247 -0.8892 -0.4403
vn 0.4446 -0.8802 0.1658
vn 0.1550 -0.9792 -0.1307
vn -0.3550 -0.9319 0.0744
vn 0.0330 -0.9993 0.0195
vn 0.0676 -0.9957 -0.0636
vn -0.1276 -0.9874 0.0940
vn 0.3692 -0.9285 -0.0400
vn 0.5235 0.3319 0.7847
vn -0.7482 -0.6215 0.2323
vn 0.4179 -0.8539 0.3102
vn 0.3358 0.5213 0.7845
vn 0.1953 0.5429 0.8168
vn -0.1734 -0.8829 0.4364
vn 0.0486 -0.9606 0.2737
vn -0.0143 -0.9958 0.0905
vn -0.3204 0.5928 0.7389
vn 0.3169 0.5392 0.7803
vn 0.8111 0.3801 0.4447
vn -0.5230 0.6392 0.5639
vn -0.7764 0.5946 -0.2089
vn 0.5678 0.4799 -0.6688
vn -0.2493 0.5661 -0.7857
vn 0.8215 0.5688 -0.0395
vn -0.1680 0.4982 -0.8506
vn 0.3085 0.5420 -0.7817
vn -0.7676 0.5253 0.3671
vn -0.5056 0.4845 -0.7139
vn -0.0625 0.9911 0.1175
vn 0.4209 0.8156 0.3971
vn 0.0491 0.9962 0.0717
vn 0.5528 0.8323 0.0419
vn -0.8519 0.4849 0.1979
vn -0.1669 0.6504 0.7411
vn -0.0870 0.1785 0.9801
vn -0.4720 0.8614 -0.1878
vn 0.2360 0.9034 -0.3580
vn 0.8449 0.5305 -0.0689
vn 0.4124 0.8596 -0.3018
vn -0.1176 0.9874 -0.1057
vn -0.4335 0.8387 0.3297
vn -0.0712 0.7723 0.6312
vn 0.1512 -0.8098 -0.5669
vn 0.8349 -0.5098 0.2076
vn -0.6103 -0.3399 -0.7155
vn 0.8366 -0.2101 -0.5060
vn -0.1948 -0.1833 0.9636
vn 0.0445 -0.9975 0.0553
vn 0.3698 0.2247 0.9015
vn 0.1448 0.9890 -0.0289
vn -0.5860 -0.8102 -0.0112
vn 0.0175 -0.9437 -0.3304
vn 0.2263 -0.9187 -0.3237
vn 0.3750 -0.8688 0.3233
vn 0.5114 -0.8593 -0.0034
vn 0.2774 -0.8880 0.3667
vn -0.4183 0.9078 -0.0302
vn 0.5385 -0.7013 0.4671
vn 0.3908 0.9200 0.0304
vn -0.2948 0.9553 0.0204
vn 0.1975 -0.9728 -0.1214
vn 0.0621 -0.9767 0.2056
vn 0.1291 -0.7252 -0.6764
vn 0.0991 -0.9888 -0.1120
vn 0.1734 -0.9846 0.0241
vn -0.1893 -0.9758 -0.1092
vn 0.1113 -0.9757 0.1890
vn 0.0036 -0.9856 0.1688
vn 0.0401 -0.9916 0.1226
vn 0.2402 -0.9703 -0.0294
vn -0.1774 -0.9637 0.1995
vn 0.4390 -0.8724 0.2150
vn 0.3028 -0.5344 0.7891
vn 0.6318 -0.7744 0.0345
vn -0.4987 -0.8290 0.2531
vn 0.4756 0.8544 0.2093
vn 0.0513 0.9900 -0.1313
vn 0.2923 0.8496 0.4391
vn 0.0314 0.9933 -0.1108
vn -0.4614 -0.8094 0.3633
vn 0.8471 0.5207 -0.1066
vn -0.6636 0.5021 -0.5545
vn -0.6166 0.5636 0.5497
vn 0.7174 0.5030 0.4820
vn -0.5123 0.5131 -0.6886
vn 0.4281 0.5993 -0.6765
vn 0.6259 0.6382 -0.4482
vn -0.1925 0.6179 -0.7623
vn -0.8650 0.4952 -0.0803
vn -0.4250 0.5258 0.7368
vn 0.1412 0.6971 0.7029
vn 0.2138 0.5793 -0.7866
vn 0.8398 0.4692 -0.2732
vn -0.3229 0.8588 0.3977
vn 0.3988 -0.8978 0.1871
vn -0.0331 0.9910 -0.1300
vn -0.9531 0.2780 -0.1198
vn 0.1883 0.9471 0.2598
vn 0.6479 0.3229 -0.6898
vn -0.4491 0.6816 -0.5777
vn 0.5397 0.5882 0.6023
vn -0.4469 0.6439 0.6210
vn 0.7444 0.4528 -0.4908
vn 0.4436 -0.8960 0.0194
vn -0.0234 0.7029 0.7109
vn -0.2187 0.2289 -0.9486
vn 0.0402 -0.9298 0.3658
vn -0.2352 0.7773 0.5835
vn -0.3730 0.2448 -0.8950
vn -0.6558 0.7510 -0.0764
vn -0.7877 0.0246 0.6156
vn 0.4462 0.7987 0.4037
vn 0.5450 -0.0777 -0.8348
vn 0.9168 0.3992 0.0105
vn 0.6968 -0.0274 -0.7168
vn 0.0158 0.1135 0.9934
vn -0.0209 -0.1168 -0.9929
vn 0.0106 -0.9982 -0.0585
vn -0.9897 -0.0295 0.1400
vn 0.2197 -0.9740 0.0555
vn -0.3464 -0.9238 0.1632
vn 0.5190 -0.6449 0.5611
vn -0.1612 -0.9394 -0.3026
vn -0.5268 -0.8480 0.0578
vn -0.0574 -0.9983 -0.0080
vn -0.1910 -0.8353 0.5155
vn 0.2616 -0.9572 0.1238
vn 0.3645 -0.8752 0.3181
vn -0.2060 -0.9759 0.0718
vn 0.1146 -0.9934 -0.0104
vn 0.2353 -0.9652 0.1139
vn -0.1170 -0.9924 0.0378
vn -0.0228 -0.9604 -0.2778
vn 0.3189 -0.9458 0.0605
vn -0.1710 -0.9183 0.3571
vn -0.3101 -0.9483 -0.0681
vn 0.0230 -0.9979 0.0608
vn 0.3218 -0.9416 -0.0997
vn 0.1788 -0.9805 -0.0812
vn -0.1122 -0.9799 0.1649
vn -0.0489 -0.9947 -0.0906
vn -0.2173 -0.9745 0.0564
vn -0.0446 -0.9988 -0.0186
vn 0.8756 0.4826 0.0196
vn -0.7792 -0.6060 0.1600
vn -0.4136 0.8808 -0.2304
vn -0.6259 -0.5944 -0.5049
vn -0.1159 -0.8832 -0.4544
vn -0.1959 -0.9469 -0.2548
vn 0.6335 0.3459 0.6921
vn -0.5941 0.3675 0.7156
vn -0.5257 0.2962 -0.7974
vn 0.6160 0.3651 0.6980
vn -0.2179 0.4691 -0.8558
vn 0.4877 0.3803 0.7859
vn 0.5133 0.2963 -0.8054
vn -0.9062 0.4207 0.0423
vn -0.2887 0.5271 -0.7992
vn -0.4919 0.4382 0.7523
vn 0.8261 0.3940 0.4030
vn 0.7148 0.3684 -0.5944
vn -0.4217 0.4347 -0.7957
vn 0.0447 0.3499 0.9357
vn -0.0993 0.4003 0.9110
vn 0.9180 0.3756 -0.1274
vn 0.3280 0.4187 -0.8468
vn -0.8760 0.4670 0.1209
vn 0.0079 -0.3176 -0.9482
vn -0.0978 0.9851 -0.1417
vn -0.5328 -0.0146 -0.8461
vn 0.5644 -0.8006 -0.2014
vn 0.1691 0.9424 -0.2885
vn -0.1541 -0.8866 -0.4360
vn 0.0627 0.9951 -0.0765
vn 0.1846 0.9809 0.0616
vn -0.3723 0.9271 -0.0431
vn -0.4138 0.8469 0.3340
vn -0.1214 -0.7413 -0.6601
vn -0.2290 -0.4247 -0.8759
vn 0.4128 -0.8087 0.4189
vn -0.1214 -0.9238 -0.3630
vn -0.0841 -0.9832 0.1623
vn -0.4985 -0.8577 0.1261
vn 0.3620 -0.9288 0.0793
vn 0.7035 -0.6962 -0.1430
vn -0.3364 -0.7859 -0.5188
vn -0.3034 -0.8825 0.3594
vn 0.1595 -0.9863 -0.0417
vn -0.1022 -0.8936 0.4371
vn 0.0410 -0.9699 -0.2402
vn 0.2403 -0.8601 -0.4500
vn 0.1181 -0.8406 0.5286
vn -0.6036 -0.7865 -0.1306
vn -0.1452 -0.9787 -0.1454
vn -0.3351 -0.7946 0.5062
vn -0.0452 -0.9453 -0.3229
vn 0.0712 -0.9576 -0.2791
vn -0.3486 -0.8194 0.4551
vn -0.5964 -0.7939 0.1183
vn -0.0044 -0.9957 -0.0922
vn 0.3087 0.2807 0.9088
vn 0.9192 0.3416 -0.1960
vn -0.6301 0.1516 0.7615
vn 0.9165 0.3683 0.1561
vn -0.9221 0.3077 -0.2347
vn 0.8733 0.1665 0.4579
vn 0.2293 -0.2747 -0.9338
vn 0.1610 0.0069 0.9869
vn -0.2555 -0.9662 -0.0329
vn 0.8374 -0.1730 -0.5184
vn -0.9061 -0.1478 0.3964
vn -0.1139 -0.6060 -0.7873
vn -0.0687 -0.9771 -0.2016
vn 0.0156 -0.9356 -0.3527
vn 0.1664 -0.9858 0.0235
vn -0.0444 -0.9977 0.0521
vn -0.2135 -0.9140 0.3450
vn 0.3787 -0.8813 -0.2827
vn 0.3043 -0.9515 0.0452
vn 0.1886 -0.9047 0.3821
vn -0.3642 -0.8917 0.2688
vn -0.1799 -0.9836 0.0145
vn -0.3343 -0.8672 -0.3690
vn 0.1901 -0.9726 0.1337
vn 0.4942 0.5543 -0.6698
vn -0.8978 0.4399 -0.0206
vn 0.4820 0.5172 -0.7072
vn -0.6187 0.5480 0.5629
vn -0.4322 0.2741 -0.8591
vn -0.7728 0.6209 -0.1310
vn 0.6249 0.7599 0.1787
vn -0.1061 0.5923 0.7987
vn 0.8782 0.3000 -0.3726
vn 0.2505 0.2986 -0.9209
vn -0.8599 0.4965 0.1189
vn -0.2917 0.6392 -0.7116
vn 0.1856 0.1858 0.9649
vn 0.4091 0.4881 0.7710
vn -0.7988 0.4483 0.4011
vn -0.6761 0.4962 -0.5447
vn -0.1615 0.1390 0.9770
vn -0.7838 0.6027 -0.1494
vn 0.0944 0.6764 0.7305
vn 0.8654 0.3132 0.3911
vn -0.6014 0.4997 0.6234
vn 0.0307 0.6453 -0.7633
vn -0.8394 0.5363 -0.0881
vn -0.1914 0.6406 0.7436
vn 0.8563 0.3673 0.3631
vn -0.7051 0.4973 0.5055
vn -0.8379 0.5121 -0.1889
vn 0.5409 0.6541 -0.5287
vn -0.4629 0.6971 -0.5475
vn -0.4137 0.4159 0.8099
vn 0.4889 0.4524 0.7458
vn 0.8279 0.5401 -0.1512
vn -0.2323 0.6965 -0.6789
vn -0.8120 0.4634 0.3547
vn 0.2054 -0.4050 0.8909
vn 0.6404 0.7680 -0.0120
vn 0.7255 0.4304 0.5371
vn 0.8288 0.0864 -0.5528
vn 0.3193 0.9155 0.2447
vn 0.0549 -0.8747 0.4815
vn 0.2258 -0.3878 0.8937
vn -0.1821 -0.9084 0.3764
vn -0.8645 -0.4737 -0.1682
vn -0.3166 -0.9413 -0.1173
vn 0.0126 -0.9983 0.0574
vn -0.9345 -0.2488 0.2546
vn -0.5015 0.8483 0.1699
vn -0.1587 -0.9871 -0.0222
vn 0.0384 -0.9984 -0.0427
vn -0.2014 0.9756 -0.0878
vn -0.2858 -0.9577 -0.0348
vn -0.0247 -0.9940 -0.1066
vn 0.1491 -0.9869 0.0620
vn -0.0800 -0.9830 0.1654
vn 0.1660 -0.9374 -0.3063
vn 0.0796 -0.9897 0.1188
vn 0.0605 -0.9970 -0.0475
vn -0.3173 -0.9269 -0.2004
vn 0.4939 -0.8671 0.0657
vn -0.3870 -0.9218 0.0212
vn -0.3531 0.0588 0.9337
vn -0.5356 0.7266 -0.4304
vn -0.2187 -0.9743 0.0542
vn -0.1049 0.9945 -0.0035
vn -0.5835 -0.6105 -0.5356
vn 0.0259 -0.9983 0.0521
vn 0.6123 -0.6655 0.4269
vn 0.2070 -0.9693 -0.1324
vn -0.0806 -0.9343 0.3472
vn 0.2122 -0.9544 -0.2098
vn 0.1421 -0.8882 -0.4370
vn -0.0244 -0.9996 -0.0135
vn 0.5046 -0.7818 0.3664
vn -0.0265 -0.9616 0.2732
vn 0.3638 -0.9256 0.1042
vn 0.1470 0.5358 -0.8314
vn 0.5217 -0.7607 -0.3863
vn -0.3449 -0.9273 -0.1454
vn -0.0296 -0.9902 0.1368
vn 0.5837 0.6855 -0.4352
vn 0.2536 -0.9096 -0.3291
vn 0.1599 -0.8791 0.4491
vn -0.9248 0.3792 -0.0325
vn -0.0813 -0.8918 0.4451
vn 0.3659 -0.8789 -0.3060
vn -0.4189 0.9002 -0.1190
vn 0.3746 0.5065 0.7766
vn 0.3951 0.7286 -0.5596
vn 0.2546 -0.9499 0.1810
vn 0.0337 0.9518 -0.3048
vn -0.3213 -0.9260 -0.1982
vn 0.2902 -0.9531 0.0856
vn -0.1903 -0.9708 -0.1459
vn 0.0783 0.5728 0.8160
vn -0.5342 -0.4800 0.6959
vn -0.2915 -0.9237 0.2486
vn -0.5367 -0.7866 -0.3052
vn -0.7537 0.6337 0.1740
vn -0.0592 -0.9917 -0.1144
vn 0.5775 -0.7836 0.2290
vn 0.0141 -0.9959 -0.0898
vn -0.5170 0.5639 0.6439
vn -0.0179 -0.9716 0.2361
vn 0.7959 0.5405 0.2726
vn 0.2229 -0.9367 -0.2700
vn 0.1628 0.8516 0.4983
vn -0.1829 -0.9830 -0.0140
vn -0.0189 -0.9982 0.0562
vn -0.3947 0.6307 0.6681
vn -0.0764 0.5199 -0.8508
vn -0.1441 -0.9772 0.1559
vn 0.4534 0.8053 -0.3820
vn 0.4860 -0.8700 0.0830
vn 0.2249 -0.9617 -0.1565
vn -0.5026 0.8027 0.3210
vn -0.2585 0.6172 -0.7431
vn -0.3687 -0.8054 -0.4642
vn -0.4112 0.7487 0.5200
vn 0.1673 0.6925 0.7017
vn 0.2442 0.4767 -0.8445
vn 0.9274 0.3268 0.1818
vn 0.2263 0.4735 -0.8512
vn 0.3042 0.8597 0.4104
vn -0.1048 0.7322 0.6730
vn -0.3759 0.7134 -0.5914
vn -0.3084 -0.9033 -0.2983
vn 0.0549 -0.9913 -0.1199
vn 0.3821 -0.8931 -0.2376
vn -0.0063 -0.9817 0.1903
vn 0.0088 -0.9799 -0.1994
vn 0.8355 0.5416 0.0926
vn 0.2139 -0.9766 0.0211
vn 0.4974 -0.8240 -0.2715
vn 0.6662 0.5729 0.4775
vn -0.0094 -0.9403 -0.3402
vn 0.2742 -0.9375 0.2143
vn 0.6240 0.7763 0.0893
vn -0.3017 -0.9011 0.3116
vn 0.2116 -0.9000 0.3812
vn -0.5927 -0.8033 -0.0585
vn 0.6907 0.6583 -0.2991
vn 0.3952 -0.9011 -0.1783
vn -0.2094 0.8018 -0.5597
vn 0.1056 0.6154 0.7811
vn 0.0002 -1.0000 0.0030
vn -0.5892 0.6914 -0.4180
vn 0.0672 -0.9961 -0.0564
vn -0.2642 -0.9640 -0.0282
vn -0.2629 -0.9640 -0.0410
vn 0.4974 0.6428 0.5826
vn 0.1930 -0.9174 -0.3481
vn -0.1677 -0.8791 -0.4461
vn -0.6944 0.7195 0.0085
vn 0.1520 -0.9700 -0.1895
vn -0.2702 -0.9532 0.1354
vn -0.1123 -0.9747 -0.1932
vn -0.1174 -0.9470 -0.2989
vn 0.5132 0.6854 -0.5166
vn -0.0782 -0.9748 0.2088
vn 0.1512 -0.9688 0.1965
vn -0.0948 -0.9649 0.2450
vn 0.6328 0.6929 -0.3456
vn -0.4857 -0.8613 -0.1495
vn 0.5142 0.7322 -0.4467
vn -0.1007 -0.7971 0.5954
vn 0.4114 0.8903 0.1954
vn -0.2088 0.9535 -0.2173
vn 0.2922 -0.7464 -0.5979
vn 0.5942 0.6716 0.4426
vn -0.1275 -0.4935 -0.8603
vn -0.3337 0.7322 0.5937
vn -0.2557 0.6523 0.7136
vn 0.1574 0.9841 -0.0825
vn -0.2713 0.6354 0.7230
vn -0.0038 0.6843 -0.7292
vn -0.2014 0.9795 0.0022
vn 0.2688 0.9436 -0.1932
vn 0.0096 0.8907 -0.4544
vn 0.2000 -0.9721 -0.1223
vn -0.2017 0.8645 0.4603
vn -0.3636 -0.7291 -0.5798
vn -0.2805 0.8744 0.3959
vn 0.3452 0.9135 -0.2151
vn -0.3080 0.8238 0.4759
vn -0.1732 -0.9307 0.3221
vn -0.1650 -0.8119 -0.5601
vn 0.1800 -0.9445 -0.2749
vn -0.0507 -0.9839 -0.1714
vn -0.2109 0.9540 0.2129
vn 0.2219 -0.7502 -0.6229
vn 0.2055 -0.9786 -0.0145
vn -0.2362 -0.9426 0.2360
vn 0.8805 0.4641 -0.0966
vn 0.2189 0.8323 -0.5094
vn -0.6937 0.6268 -0.3549
vn -0.6562 0.7480 0.0995
vn -0.7629 0.5780 -0.2897
vn 0.2153 0.9756 0.0421
vn 0.5438 -0.6673 -0.5090
vn -0.4026 0.4241 0.8112
vn -0.6011 -0.7623 -0.2401
vn 0.5797 -0.8064 0.1171
vn -0.0518 -0.9706 -0.2351
vn -0.1163 -0.9763 -0.1827
vn 0.3981 -0.9130 0.0888
vn -0.6372 -0.2847 0.7162
vn -0.6280 0.5443 -0.5562
vn -0.3664 0.7468 -0.5551
vn 0.1325 0.9912 -0.0049
vn -0.1692 -0.8469 0.5042
vn 0.2610 0.6928 -0.6723
vn -0.5895 0.7084 0.3881
vn 0.4447 -0.6455 0.6209
vn 0.0764 -0.9744 -0.2113
vn 0.0974 -0.9608 0.2595
vn 0.4869 -0.6957 -0.5282
vn 0.5917 0.7215 -0.3597
vn -0.2587 -0.8883 0.3795
vn 0.2485 -0.9171 0.3117
vn 0.4880 0.8667 -0.1034
vn -0.1418 0.9601 -0.2412
vn 0.6740 0.7026 0.2284
vn 0.0487 -0.9922 0.1151
vn -0.0119 -0.9868 -0.1612
vn 0.3862 -0.7123 0.5861
vn 0.1318 -0.9740 0.1842
vn -0.0656 -0.9709 -0.2303
vn 0.6150 0.7839 -0.0854
vn 0.6057 0.7942 -0.0490
vn -0.0288 -0.9985 -0.0468
vn -0.0124 -0.9997 -0.0202
vn 0.6680 0.0448 -0.7428
vn 0.9806 0.1445 0.1323
vn -0.0000 0.0992 0.9951
vn -0.9195 -0.2228 0.3238
vn -0.9834 0.0266 0.1793
vn -0.6709 -0.1769 -0.7202
vn -0.5256 0.2192 -0.8220
vn 0.0716 -0.3390 0.9381
vn 0.9654 -0.0248 0.2595
vn 0.5753 0.2469 -0.7798
vn 0.4511 0.0280 -0.8920
vn 0.8848 0.3772 0.2737
vn 0.1071 0.3597 0.9269
vn -0.5217 0.0345 -0.8524
vn -0.8721 0.3072 0.3810
vt 0.040173 0.387369
vt 0.115328 0.402286
vt 0.054962 0.440503
vt 0.103207 0.321120
vt 0.016915 0.329931
vt 0.038412 0.268517
vt 0.462552 0.368875
vt 0.548924 0.353064
vt 0.551527 0.385693
vt 0.460174 0.329602
vt 0.523643 0.304791
vt 0.492213 0.223552
vt 0.427535 0.288158
vt 0.447674 0.208580
vt 0.034018 0.090250
vt 0.020009 0.095539
vt 0.058447 0.047427
vt 0.757593 0.920347
vt 0.723770 0.882771
vt 0.757593 0.886284
vt 0.409047 0.537576
vt 0.403013 0.575140
vt 0.386725 0.564936
vt 0.222102 0.829067
vt 0.200874 0.851937
vt 0.181444 0.843131
vt 0.788541 0.835902
vt 0.766453 0.806435
vt 0.796773 0.824863
vt 0.811253 0.942168
vt 0.807065 0.913975
vt 0.811252 0.882123
vt 0.865885 0.246082
vt 0.870273 0.208580
vt 0.870273 0.264704
vt 0.882066 0.867252
vt 0.862520 0.900602
vt 0.869942 0.818581
vt 0.027162 0.402140
vt 0.018045 0.351268
vt 0.543822 0.314577
vt 0.515330 0.260492
vt 0.885639 0.781389
vt 0.889447 0.791672
vt 0.057999 0.843185
vt 0.043464 0.843151
vt 0.051040 0.785003
vt 0.100892 0.349293
vt 0.086833 0.164057
vt 0.092779 0.187572
vt 0.053479 0.243755
vt 0.168225 0.169899
vt 0.171370 0.153408
vt 0.206699 0.160143
vt 0.147621 0.088800
vt 0.126440 0.082249
vt 0.130480 0.052069
vt 0.215066 0.902342
vt 0.223594 0.890574
vt 0.223594 0.933911
vt 0.147478 0.188806
vt 0.156179 0.177435
vt 0.145539 0.225469
vt 0.082092 0.822807
vt 0.111939 0.858447
vt 0.061978 0.856378
vt 0.052471 0.122291
vt 0.023353 0.139915
vt 0.338257 0.194789
vt 0.366787 0.128843
vt 0.370567 0.204427
vt 0.424251 0.143571
vt 0.494806 0.178579
vt 0.428500 0.202768
vt 0.598654 0.068849
vt 0.679269 0.042540
vt 0.682301 0.071466
vt 0.622815 0.896875
vt 0.656909 0.833553
vt 0.656909 0.895363
vt 0.490106 0.016992
vt 0.537221 0.050369
vt 0.461081 0.026899
vt 0.652846 0.144184
vt 0.612551 0.120912
vt 0.682301 0.103851
vt 0.307555 0.318102
vt 0.244541 0.343926
vt 0.230471 0.316320
vt 0.488793 0.127904
vt 0.423992 0.109765
vt 0.429089 0.061549
vt 0.286931 0.524855
vt 0.309979 0.565257
vt 0.291703 0.558087
vt 0.585203 0.054160
vt 0.590155 0.032421
vt 0.326885 0.250829
vt 0.302730 0.277293
vt 0.328277 0.231451
vt 0.459986 0.042666
vt 0.416433 0.192372
vt 0.565099 0.742837
vt 0.563540 0.712560
vt 0.565099 0.681468
vt 0.669644 0.960284
vt 0.678457 0.949995
vt 0.678457 0.978361
vt 0.784793 0.858629
vt 0.220696 0.447077
vt 0.223959 0.412767
vt 0.223959 0.474844
vt 0.750879 0.208580
vt 0.741095 0.243266
vt 0.721048 0.231935
vt 0.902141 0.249217
vt 0.932542 0.251819
vt 0.914514 0.288918
vt 0.836109 0.781389
vt 0.858541 0.805196
vt 0.815242 0.812201
vt 0.949193 0.834569
vt 0.925326 0.800789
vt 0.949193 0.781389
vt 0.819205 0.856993
vt 0.924874 0.842609
vt 0.346493 0.561380
vt 0.332445 0.526082
vt 0.362278 0.551729
vt 0.955184 0.189685
vt 0.968522 0.173876
vt 0.968522 0.204478
vt 0.157729 0.937324
vt 0.172016 0.897131
vt 0.172016 0.937929
vt 0.228333 0.264875
vt 0.239171 0.258044
vt 0.054241 0.601348
vt 0.104135 0.619119
vt 0.098535 0.646362
vt 0.596411 0.451437
vt 0.652620 0.508811
vt 0.572380 0.498400
vt 0.894254 0.192012
vt 0.890799 0.135946
vt 0.927909 0.139942
vt 0.118178 0.600821
vt 0.061598 0.567445
vt 0.141416 0.549439
vt 0.027586 0.614133
vt 0.074623 0.662170
vt 0.041669 0.675771
vt 0.433204 0.563634
vt 0.451434 0.495269
vt 0.468437 0.564020
vt 0.492021 0.483294
vt 0.516087 0.485311
vt 0.496492 0.500365
vt 0.436359 0.880844
vt 0.432057 0.864416
vt 0.442192 0.858816
vt 0.621530 0.433998
vt 0.639463 0.437317
vt 0.522877 0.564211
vt 0.487679 0.568863
vt 0.521810 0.553012
vt 0.647130 0.418736
vt 0.704564 0.408916
vt 0.125497 0.609079
vt 0.258131 0.445150
vt 0.240519 0.474843
vt 0.230374 0.467989
vt 0.343248 0.572172
vt 0.355958 0.593452
vt 0.330037 0.597853
vt 0.253812 0.509886
vt 0.230984 0.506290
vt 0.684061 0.373711
vt 0.684061 0.403719
vt 0.663180 0.389696
vt 0.230006 0.520510
vt 0.260863 0.527386
vt 0.246620 0.574557
vt 0.919353 0.443563
vt 0.919786 0.488338
vt 0.899605 0.455968
vt 0.281906 0.572020
vt 0.271579 0.597853
vt 0.302495 0.407698
vt 0.294931 0.441361
vt 0.934440 0.310008
vt 0.934440 0.365392
vt 0.902842 0.331342
vt 0.847338 0.544112
vt 0.832707 0.544112
vt 0.847176 0.526054
vt 0.223426 0.625260
vt 0.218662 0.584845
vt 0.223426 0.558799
vt 0.902141 0.307836
vt 0.766650 0.621979
vt 0.766466 0.663978
vt 0.744640 0.674766
vt 0.062909 0.779400
vt 0.117458 0.760732
vt 0.115305 0.781025
vt 0.061978 0.969000
vt 0.082049 0.931670
vt 0.082049 0.972389
vt 0.261792 0.668509
vt 0.286650 0.620470
vt 0.322542 0.657184
vt 0.885008 0.735077
vt 0.908481 0.698561
vt 0.915551 0.758489
vt 0.865203 0.672844
vt 0.856341 0.693769
vt 0.845346 0.696033
vt 0.684163 0.640364
vt 0.718116 0.605213
vt 0.720738 0.664290
vt 0.705735 0.591379
vt 0.929611 0.922949
vt 0.909601 0.905524
vt 0.919696 0.903090
vt 0.481123 0.979330
vt 0.481357 0.958771
vt 0.492080 0.979330
vt 0.935287 0.040511
vt 0.944064 0.097269
vt 0.927720 0.043373
vt 0.274277 0.697757
vt 0.264274 0.679807
vt 0.893964 0.754022
vt 0.300781 0.618288
vt 0.130845 0.822493
vt 0.120710 0.853427
vt 0.115917 0.819390
vt 0.130845 0.785003
vt 0.868175 0.723249
vt 0.844218 0.719001
vt 0.286504 0.841188
vt 0.299648 0.876249
vt 0.267323 0.877935
vt 0.888773 0.398145
vt 0.870586 0.376284
vt 0.897831 0.370796
vt 0.499391 0.937945
vt 0.523935 0.936053
vt 0.520055 0.952104
vt 0.877637 0.692107
vt 0.413541 0.962030
vt 0.435614 0.933538
vt 0.428602 0.958252
vt 0.120055 0.965577
vt 0.101414 0.960811
vt 0.104253 0.951142
vt 0.413541 0.612967
vt 0.486001 0.611554
vt 0.421579 0.651686
vt 0.497194 0.670569
vt 0.434635 0.707720
vt 0.433347 0.672763
vt 0.569592 0.304380
vt 0.643998 0.347552
vt 0.616878 0.356815
vt 0.639793 0.646725
vt 0.573513 0.628467
vt 0.576745 0.607598
vt 0.665777 0.243909
vt 0.607687 0.216438
vt 0.684219 0.208580
vt 0.637823 0.673550
vt 0.581452 0.698226
vt 0.572380 0.660632
vt 0.659590 0.611680
vt 0.592127 0.587345
vt 0.612196 0.567741
vt 0.979581 0.694071
vt 0.974467 0.681597
vt 0.983460 0.672844
vt 0.802027 0.600207
vt 0.792335 0.549453
vt 0.815220 0.608537
vt 0.671715 0.280546
vt 0.658141 0.329238
vt 0.646605 0.323637
vt 0.684219 0.274344
vt 0.422961 0.681062
vt 0.183886 0.424693
vt 0.199988 0.412767
vt 0.216717 0.435815
vt 0.785418 0.266549
vt 0.773928 0.208580
vt 0.811426 0.241039
vt 0.158173 0.635940
vt 0.192318 0.606125
vt 0.166635 0.655797
vt 0.196330 0.489343
vt 0.192194 0.526919
vt 0.176831 0.496132
vt 0.153853 0.532348
vt 0.777503 0.323396
vt 0.811426 0.322805
vt 0.783535 0.359323
vt 0.181654 0.560228
vt 0.146059 0.557544
vt 0.214683 0.716705
vt 0.152152 0.727549
vt 0.208784 0.703660
vt 0.480883 0.758795
vt 0.420676 0.751328
vt 0.414151 0.731756
vt 0.484628 0.789611
vt 0.419279 0.800312
vt 0.423281 0.784154
vt 0.602330 0.777433
vt 0.630103 0.765590
vt 0.612481 0.790324
vt 0.374995 0.438423
vt 0.366257 0.444877
vt 0.372640 0.426716
vt 0.661193 0.833630
vt 0.678881 0.820233
vt 0.672400 0.843861
vt 0.572380 0.783130
vt 0.897954 0.633627
vt 0.897954 0.652218
vt 0.891183 0.642419
vt 0.152652 0.951029
vt 0.141966 0.949169
vt 0.152668 0.941907
vt 0.815242 0.969085
vt 0.828153 0.968589
vt 0.828153 0.982056
vt 0.583559 0.373711
vt 0.580099 0.388651
vt 0.569592 0.374526
vt 0.112049 0.969555
vt 0.112049 0.984807
vt 0.101414 0.976091
vt 0.364104 0.899149
vt 0.377191 0.917876
vt 0.363658 0.928048
vt 0.727080 0.745209
vt 0.707116 0.759781
vt 0.703085 0.725037
vt 0.737661 0.049872
vt 0.737507 0.073326
vt 0.717227 0.061965
vt 0.715447 0.720526
vt 0.892132 0.237193
vt 0.898162 0.267030
vt 0.874252 0.262260
vt 0.815126 0.095801
vt 0.830299 0.103336
vt 0.815681 0.134662
vt 0.748604 0.751048
vt 0.757263 0.815567
vt 0.733298 0.778820
vt 0.896984 0.292258
vt 0.893847 0.335290
vt 0.880549 0.294051
vt 0.811417 0.053852
vt 0.829679 0.016992
vt 0.831082 0.042957
vt 0.754659 0.112797
vt 0.772364 0.155095
vt 0.728896 0.108094
vt 0.771007 0.126274
vt 0.801206 0.146449
vt 0.781106 0.143497
vt 0.776343 0.125221
vt 0.879878 0.024581
vt 0.856401 0.047128
vt 0.869507 0.016992
vt 0.762780 0.016992
vt 0.772364 0.022198
vt 0.754905 0.026870
vt 0.720049 0.678806
vt 0.736628 0.687912
vt 0.739796 0.700828
vt 0.550644 0.927183
vt 0.567941 0.906675
vt 0.567941 0.948647
vt 0.050170 0.952427
vt 0.056582 0.943164
vt 0.056582 0.959443
vt 0.878610 0.048424
vt 0.855310 0.064686
vt 0.839545 0.063918
vt 0.791121 0.079685
vt 0.803164 0.103633
vt 0.944166 0.729182
vt 0.954940 0.672844
vt 0.954940 0.743577
vt 0.725700 0.089897
vt 0.130226 0.739626
vt 0.130226 0.778144
vt 0.121437 0.749702
vt 0.913465 0.039974
vt 0.913667 0.107729
vt 0.893320 0.061795
vt 0.958919 0.740640
vt 0.974802 0.729040
vt 0.974802 0.745709
vt 0.982740 0.582444
vt 0.974057 0.571440
vt 0.982740 0.549453
vt 0.452081 0.889247
vt 0.452081 0.929561
vt 0.413541 0.918515
vt 0.913667 0.016992
vt 0.884625 0.021826
vt 0.722843 0.716612
vt 0.710588 0.029413
vt 0.689234 0.050451
vt 0.953392 0.486605
vt 0.952400 0.515140
vt 0.933155 0.495820
vt 0.377191 0.962036
vt 0.392590 0.697475
vt 0.349426 0.721678
vt 0.340978 0.711970
vt 0.340752 0.686825
vt 0.409176 0.644094
vt 0.353671 0.632005
vt 0.368194 0.601831
vt 0.341883 0.648995
vt 0.397213 0.661771
vt 0.719953 0.434186
vt 0.714490 0.479042
vt 0.708543 0.461466
vt 0.589021 0.943397
vt 0.597824 0.949909
vt 0.572380 0.947154
vt 0.834409 0.744838
vt 0.823793 0.750726
vt 0.820775 0.739830
vt 0.409176 0.708577
vt 0.401054 0.724638
vt 0.223666 0.554822
vt 0.218662 0.526682
vt 0.223666 0.489343
vt 0.344303 0.626514
vt 0.772028 0.752474
vt 0.766406 0.729201
vt 0.781580 0.777411
vt 0.272695 0.732040
vt 0.252693 0.651063
vt 0.676360 0.716425
vt 0.656307 0.730868
vt 0.662178 0.702203
vt 0.728748 0.509570
vt 0.750586 0.506548
vt 0.734777 0.528951
vt 0.267323 0.914578
vt 0.298051 0.918445
vt 0.279732 0.942829
vt 0.298051 0.957500
vt 0.651161 0.787946
vt 0.671088 0.786760
vt 0.666668 0.816256
vt 0.749056 0.405585
vt 0.741616 0.451003
vt 0.678881 0.756072
vt 0.650354 0.748212
vt 0.678881 0.732401
vt 0.603457 0.980770
vt 0.589042 0.980770
vt 0.599064 0.964750
vt 0.927602 0.381784
vt 0.933548 0.369369
vt 0.933548 0.387339
vt 0.938776 0.380390
vt 0.952934 0.388979
vt 0.938419 0.392491
vt 0.034480 0.916930
vt 0.048932 0.902658
vt 0.046354 0.919068
vt 0.763953 0.520952
vt 0.765797 0.502106
vt 0.776155 0.515581
vt 0.726112 0.571909
vt 0.892354 0.694714
vt 0.910890 0.672844
vt 0.915551 0.686901
vt 0.498851 0.611696
vt 0.524397 0.617252
vt 0.502508 0.625074
vt 0.237185 0.698314
vt 0.265902 0.690847
vt 0.944064 0.016992
vt 0.055905 0.781026
vt 0.028154 0.779936
vt 0.043984 0.766660
vt 0.500690 0.966705
vt 0.510181 0.956082
vt 0.512179 0.977756
vt 0.609431 0.900976
vt 0.603451 0.913452
vt 0.597685 0.895920
vt 0.950621 0.635182
vt 0.947638 0.621285
vt 0.961090 0.623477
vt 0.218662 0.775367
vt 0.222543 0.766107
vt 0.222543 0.783606
vt 0.666066 0.630669
vt 0.680184 0.644624
vt 0.658319 0.636385
vt 0.350271 0.974192
vt 0.358251 0.953706
vt 0.358251 0.977492
vt 0.583499 0.137287
vt 0.551774 0.113007
vt 0.593220 0.119156
vt 0.266362 0.482174
vt 0.281158 0.492456
vt 0.268544 0.506258
vt 0.506662 0.154951
vt 0.533932 0.161556
vt 0.510201 0.172868
vt 0.519512 0.122600
vt 0.538896 0.128013
vt 0.503100 0.133347
vt 0.113043 0.335229
vt 0.150427 0.357726
vt 0.113030 0.350545
vt 0.636929 0.959849
vt 0.647608 0.946870
vt 0.647608 0.964078
vt 0.972380 0.501406
vt 0.967926 0.529336
vt 0.957371 0.495954
vt 0.419094 0.376095
vt 0.459785 0.348772
vt 0.866908 0.140622
vt 0.874841 0.185310
vt 0.846072 0.144205
vt 0.518990 0.839250
vt 0.496124 0.858543
vt 0.516866 0.827794
vt 0.464288 0.921949
vt 0.487725 0.937448
vt 0.490631 0.954794
vt 0.405989 0.952555
vt 0.383584 0.958607
vt 0.385575 0.947794
vt 0.535993 0.861957
vt 0.539468 0.827853
vt 0.539468 0.894865
vt 0.193721 0.546162
vt 0.208837 0.515488
vt 0.193782 0.556944
vt 0.503932 0.452954
vt 0.568402 0.517987
vt 0.939679 0.617592
vt 0.959636 0.612468
vt 0.934102 0.636192
vt 0.941587 0.652441
vt 0.624372 0.925758
vt 0.647507 0.942893
vt 0.620350 0.942893
vt 0.280723 0.980870
vt 0.267323 0.977871
vt 0.280723 0.961477
vt 0.351190 0.919321
vt 0.342178 0.949728
vt 0.336131 0.922345
vt 0.841482 0.948012
vt 0.854683 0.961437
vt 0.848478 0.974925
vt 0.452768 0.305427
vt 0.238518 0.142273
vt 0.228333 0.106142
vt 0.287272 0.070300
vt 0.313640 0.093832
vt 0.406763 0.922581
vt 0.383584 0.867181
vt 0.406763 0.844061
vt 0.554705 0.404939
vt 0.472585 0.404939
vt 0.131148 0.422869
vt 0.146014 0.438302
vt 0.098667 0.485365
vt 0.128017 0.278355
vt 0.101508 0.380485
vt 0.746655 0.853084
vt 0.755745 0.819544
vt 0.761659 0.831110
vt 0.761659 0.866659
vt 0.798296 0.898316
vt 0.798296 0.939898
vt 0.776253 0.930593
vt 0.767051 0.910216
vt 0.343918 0.052115
vt 0.334969 0.023086
vt 0.343738 0.016992
vt 0.392385 0.023099
vt 0.407077 0.054866
vt 0.412455 0.064396
vt 0.403030 0.080815
vt 0.384692 0.082234
vt 0.373350 0.077394
vt 0.349477 0.066589
vt 0.404367 0.128075
vt 0.375753 0.122039
vt 0.396134 0.116689
vt 0.434599 0.331150
vt 0.451373 0.339899
vt 0.972380 0.486605
vt 0.935849 0.116006
vt 0.942787 0.104723
vt 0.942787 0.122951
vt 0.958729 0.309763
vt 0.945013 0.301408
vt 0.954528 0.292896
vt 0.886820 0.142225
vt 0.886820 0.182919
vt 0.836873 0.939438
vt 0.837503 0.964611
vt 0.815242 0.964611
vt 0.821415 0.947112
vt 0.309875 0.067704
vt 0.325906 0.086118
vt 0.338099 0.110442
vt 0.357574 0.118488
vt 0.766406 0.882123
vt 0.407663 0.111672
vt 0.802275 0.923884
vt 0.556867 0.375339
vt 0.565613 0.343431
vt 0.889447 0.898057
vt 0.325795 0.201293
vt 0.828656 0.320552
vt 0.076049 0.027090
vt 0.087408 0.031507
vt 0.016915 0.130227
vt 0.034866 0.451564
vt 0.178469 0.067451
vt 0.201066 0.085499
vt 0.169436 0.106718
vt 0.080145 0.072647
vt 0.105607 0.061712
vt 0.112053 0.090407
vt 0.102458 0.099454
vt 0.122182 0.193419
vt 0.176780 0.116105
vt 0.091580 0.106050
vt 0.888835 0.595968
vt 0.896403 0.629649
vt 0.868461 0.629649
vt 0.871618 0.596144
vt 0.858040 0.625176
vt 0.855296 0.591766
vt 0.144153 0.023748
vt 0.192191 0.045449
vt 0.087863 0.120229
vt 0.080124 0.138596
vt 0.213715 0.198758
vt 0.181354 0.238224
vt 0.111939 0.785003
vt 0.082285 0.152945
vt 0.044366 0.236139
vt 0.112505 0.051650
vt 0.119991 0.016992
vt 0.224354 0.179733
vt 0.818807 0.291096
vt 0.815405 0.236770
vt 0.115675 0.256381
vt 0.098732 0.193357
vt 0.838510 0.215182
vt 0.145240 0.264539
vt 0.224354 0.062905
vt 0.412455 0.204603
vt 0.785561 0.781389
vt 0.811264 0.806725
vt 0.835061 0.151870
vt 0.850079 0.191427
vt 0.512468 0.072262
vt 0.314011 0.346405
vt 0.336530 0.379942
vt 0.259414 0.388585
vt 0.261959 0.208580
vt 0.613409 0.831482
vt 0.648208 0.016992
vt 0.592744 0.151256
vt 0.525715 0.082785
vt 0.519866 0.102723
vt 0.361749 0.258629
vt 0.384910 0.260896
vt 0.399982 0.291289
vt 0.403865 0.308813
vt 0.409562 0.331235
vt 0.392562 0.339373
vt 0.381217 0.345543
vt 0.355265 0.307913
vt 0.351642 0.280299
vt 0.575354 0.050533
vt 0.327381 0.563798
vt 0.964506 0.430678
vt 0.976216 0.428418
vt 0.976216 0.451934
vt 0.331093 0.876074
vt 0.365289 0.860252
vt 0.367574 0.880598
vt 0.330903 0.895172
vt 0.589925 0.080113
vt 0.135557 0.933191
vt 0.145356 0.900842
vt 0.324452 0.276234
vt 0.371539 0.392278
vt 0.352838 0.366982
vt 0.363359 0.378978
vt 0.536116 0.845915
vt 0.505932 0.870174
vt 0.340165 0.243476
vt 0.320867 0.300635
vt 0.324464 0.285629
vt 0.177466 0.815932
vt 0.177466 0.893153
vt 0.135557 0.849717
vt 0.168550 0.809392
vt 0.699260 0.382332
vt 0.702084 0.355531
vt 0.714278 0.385832
vt 0.230289 0.347505
vt 0.250772 0.392278
vt 0.681122 0.135020
vt 0.559038 0.769372
vt 0.520262 0.711697
vt 0.548613 0.733055
vt 0.061978 0.868572
vt 0.097435 0.862424
vt 0.097435 0.927693
vt 0.464288 0.964405
vt 0.477144 0.958771
vt 0.477144 0.984321
vt 0.465732 0.981899
vt 0.915633 0.932751
vt 0.915633 0.967897
vt 0.893426 0.952994
vt 0.678249 0.167472
vt 0.474177 0.905993
vt 0.488479 0.922701
vt 0.210358 0.886597
vt 0.208679 0.864585
vt 0.223128 0.881621
vt 0.532051 0.784785
vt 0.521682 0.823817
vt 0.518498 0.803976
vt 0.720277 0.310267
vt 0.734159 0.309454
vt 0.736205 0.343380
vt 0.766406 0.845502
vt 0.741329 0.296451
vt 0.886505 0.767716
vt 0.897787 0.762467
vt 0.897849 0.776259
vt 0.885008 0.776259
vt 0.813323 0.460640
vt 0.795377 0.454673
vt 0.803137 0.433950
vt 0.844674 0.135946
vt 0.510075 0.821175
vt 0.398001 0.583240
vt 0.367515 0.577844
vt 0.819089 0.470612
vt 0.824032 0.497289
vt 0.809966 0.492052
vt 0.810247 0.471207
vt 0.647021 0.975617
vt 0.628234 0.373711
vt 0.628234 0.404363
vt 0.604573 0.400878
vt 0.601600 0.373958
vt 0.376705 0.549987
vt 0.284702 0.978414
vt 0.294389 0.961477
vt 0.298964 0.978414
vt 0.366257 0.538928
vt 0.858541 0.876711
vt 0.909301 0.219238
vt 0.932542 0.208580
vt 0.847582 0.464303
vt 0.847582 0.495364
vt 0.845751 0.434861
vt 0.829108 0.405585
vt 0.559038 0.821333
vt 0.808367 0.847999
vt 0.811264 0.878145
vt 0.750879 0.378785
vt 0.696896 0.306807
vt 0.508545 0.735207
vt 0.530989 0.880025
vt 0.505849 0.898688
vt 0.320766 0.322562
vt 0.332399 0.337934
vt 0.592481 0.103575
vt 0.688197 0.313498
vt 0.451660 0.938076
vt 0.458195 0.968250
vt 0.439593 0.968250
vt 0.447116 0.933538
vt 0.727008 0.271798
vt 0.738515 0.278698
vt 0.702166 0.968635
vt 0.689638 0.966995
vt 0.694809 0.942084
vt 0.702166 0.947937
vt 0.516999 0.976084
vt 0.516157 0.956082
vt 0.530683 0.958671
vt 0.530683 0.979270
vt 0.701662 0.254686
vt 0.074746 0.521471
vt 0.142080 0.489343
vt 0.068978 0.542065
vt 0.549642 0.545488
vt 0.626137 0.538085
vt 0.413541 0.568863
vt 0.418446 0.497941
vt 0.704564 0.497262
vt 0.670657 0.482601
vt 0.477389 0.506503
vt 0.902594 0.635555
vt 0.913605 0.549453
vt 0.929176 0.635555
vt 0.037867 0.514427
vt 0.065990 0.496935
vt 0.044780 0.532202
vt 0.927909 0.201521
vt 0.467507 0.418509
vt 0.488743 0.416823
vt 0.489088 0.408916
vt 0.502997 0.431040
vt 0.486624 0.470409
vt 0.460512 0.478175
vt 0.440875 0.461779
vt 0.428092 0.437211
vt 0.437492 0.423394
vt 0.451191 0.423378
vt 0.447175 0.485153
vt 0.047077 0.554700
vt 0.668571 0.519784
vt 0.666907 0.535586
vt 0.919612 0.943004
vt 0.928662 0.932751
vt 0.928662 0.966000
vt 0.677276 0.511271
vt 0.409075 0.962944
vt 0.311105 0.817251
vt 0.324431 0.736017
vt 0.324431 0.825898
vt 0.040659 0.565806
vt 0.811253 0.946145
vt 0.811253 0.980101
vt 0.799141 0.963237
vt 0.689389 0.508484
vt 0.142080 0.576118
vt 0.567941 0.827794
vt 0.558355 0.850861
vt 0.543447 0.857951
vt 0.271267 0.417077
vt 0.298829 0.396255
vt 0.356101 0.352541
vt 0.338963 0.355459
vt 0.339478 0.339268
vt 0.356013 0.407570
vt 0.567941 0.902697
vt 0.228333 0.550948
vt 0.807899 0.545142
vt 0.790724 0.544717
vt 0.789663 0.526054
vt 0.807899 0.526666
vt 0.243835 0.862142
vt 0.263344 0.841188
vt 0.263258 0.883460
vt 0.249351 0.889145
vt 0.275554 0.555201
vt 0.561790 0.952624
vt 0.567754 0.977936
vt 0.553699 0.977936
vt 0.365404 0.844061
vt 0.379606 0.895172
vt 0.263344 0.917813
vt 0.257874 0.900517
vt 0.580715 0.117117
vt 0.579351 0.131956
vt 0.874535 0.957354
vt 0.874535 0.982714
vt 0.866214 0.976846
vt 0.861439 0.961439
vt 0.276173 0.523196
vt 0.725605 0.823898
vt 0.742676 0.825959
vt 0.740338 0.844296
vt 0.715854 0.858551
vt 0.715339 0.844199
vt 0.817497 0.911912
vt 0.822389 0.899253
vt 0.844219 0.904938
vt 0.510044 0.135716
vt 0.517143 0.156804
vt 0.742676 0.873176
vt 0.715990 0.878793
vt 0.955035 0.608491
vt 0.933155 0.559956
vt 0.955035 0.549453
vt 0.849968 0.935461
vt 0.815242 0.935461
vt 0.889739 0.405585
vt 0.919786 0.406816
vt 0.361300 0.431334
vt 0.977479 0.399351
vt 0.968160 0.375723
vt 0.977479 0.353433
vt 0.957224 0.233088
vt 0.973602 0.224443
vt 0.973602 0.242213
vt 0.967572 0.249498
vt 0.106954 0.918120
vt 0.102556 0.889952
vt 0.113023 0.899155
vt 0.121805 0.915560
vt 0.032162 0.574868
vt 0.055482 0.760755
vt 0.100609 0.731111
vt 0.271745 0.537150
vt 0.224352 0.679300
vt 0.218662 0.657434
vt 0.224352 0.629237
vt 0.016915 0.728054
vt 0.046369 0.679749
vt 0.074744 0.694821
vt 0.039191 0.738002
vt 0.917646 0.100745
vt 0.731935 0.610025
vt 0.333625 0.693578
vt 0.336773 0.716372
vt 0.278406 0.710030
vt 0.584993 0.834189
vt 0.609431 0.831482
vt 0.609174 0.887956
vt 0.572380 0.886286
vt 0.332898 0.732040
vt 0.788356 0.674766
vt 0.781424 0.613346
vt 0.769296 0.565701
vt 0.763663 0.581762
vt 0.739480 0.590898
vt 0.721977 0.553461
vt 0.733030 0.549453
vt 0.766892 0.550675
vt 0.778132 0.562496
vt 0.580873 0.893115
vt 0.752248 0.603696
vt 0.768079 0.606568
vt 0.323708 0.934480
vt 0.305487 0.935294
vt 0.307891 0.923157
vt 0.960528 0.453937
vt 0.948550 0.448500
vt 0.960528 0.405585
vt 0.737608 0.600042
vt 0.262299 0.712815
vt 0.496124 0.977756
vt 0.130666 0.956013
vt 0.124034 0.947154
vt 0.130666 0.939655
vt 0.881029 0.703192
vt 0.162082 0.326796
vt 0.182123 0.371748
vt 0.164698 0.350017
vt 0.283691 0.601831
vt 0.680154 0.171450
vt 0.680154 0.193663
vt 0.674403 0.182310
vt 0.616651 0.928921
vt 0.618313 0.906207
vt 0.629044 0.914038
vt 0.222136 0.683277
vt 0.222136 0.725397
vt 0.218662 0.711826
vt 0.038433 0.903023
vt 0.961090 0.637702
vt 0.634659 0.900853
vt 0.948049 0.652664
vt 0.193496 0.361543
vt 0.183775 0.332301
vt 0.197228 0.332092
vt 0.203098 0.348524
vt 0.885740 0.658091
vt 0.887204 0.668339
vt 0.855296 0.667501
vt 0.863372 0.661835
vt 0.194759 0.308504
vt 0.199000 0.321477
vt 0.127151 0.982036
vt 0.116027 0.982036
vt 0.117791 0.969555
vt 0.711700 0.159072
vt 0.727669 0.172820
vt 0.707817 0.176653
vt 0.876804 0.525940
vt 0.885304 0.521277
vt 0.885304 0.544102
vt 0.572508 0.978354
vt 0.572380 0.964750
vt 0.585063 0.965050
vt 0.585063 0.983640
vt 0.723580 0.201257
vt 0.711188 0.191004
vt 0.176499 0.300404
vt 0.195449 0.268517
vt 0.223353 0.293499
vt 0.303935 0.842720
vt 0.303935 0.902910
vt 0.276473 0.910601
vt 0.867401 0.777411
vt 0.844421 0.741979
vt 0.867736 0.733971
vt 0.881029 0.762941
vt 0.923623 0.393157
vt 0.902141 0.400248
vt 0.907097 0.369629
vt 0.923623 0.369369
vt 0.867793 0.342538
vt 0.897831 0.346235
vt 0.204751 0.381772
vt 0.190925 0.399493
vt 0.496124 0.912882
vt 0.523935 0.902665
vt 0.211242 0.408790
vt 0.223353 0.391145
vt 0.581226 0.203729
vt 0.551451 0.203729
vt 0.562432 0.171450
vt 0.575742 0.172848
vt 0.651767 0.924836
vt 0.669226 0.916679
vt 0.677688 0.922848
vt 0.678881 0.946018
vt 0.613409 0.938620
vt 0.508011 0.617109
vt 0.504885 0.600482
vt 0.517737 0.601082
vt 0.922064 0.113025
vt 0.931871 0.104723
vt 0.931871 0.124987
vt 0.917646 0.122785
vt 0.120055 0.939655
vt 0.174133 0.967190
vt 0.156647 0.952371
vt 0.164024 0.942130
vt 0.174133 0.941907
vt 0.613012 0.254844
vt 0.623418 0.242800
vt 0.632425 0.549453
vt 0.680184 0.581750
vt 0.417631 0.572840
vt 0.503243 0.582157
vt 0.326924 0.906453
vt 0.310366 0.919180
vt 0.309022 0.865361
vt 0.326924 0.844061
vt 0.617324 0.274882
vt 0.605852 0.293737
vt 0.923765 0.463732
vt 0.926632 0.405585
vt 0.944571 0.412519
vt 0.944571 0.480568
vt 0.851318 0.582330
vt 0.851318 0.550073
vt 0.739621 0.958509
vt 0.730074 0.972944
vt 0.723770 0.946211
vt 0.738728 0.947894
vt 0.887204 0.633627
vt 0.857262 0.641227
vt 0.863814 0.351372
vt 0.863814 0.366085
vt 0.846542 0.391817
vt 0.833102 0.398145
vt 0.815405 0.379597
vt 0.817235 0.355167
vt 0.825572 0.336041
vt 0.861335 0.324529
vt 0.651682 0.665395
vt 0.654894 0.676837
vt 0.594654 0.265841
vt 0.602383 0.250883
vt 0.658438 0.653189
vt 0.512461 0.658786
vt 0.503476 0.633300
vt 0.768751 0.203468
vt 0.731648 0.203468
vt 0.749139 0.186088
vt 0.766037 0.190378
vt 0.587074 0.277094
vt 0.686280 0.166036
vt 0.686914 0.179877
vt 0.048932 0.939187
vt 0.966500 0.056318
vt 0.958258 0.048581
vt 0.948042 0.042534
vt 0.966500 0.016992
vt 0.735642 0.186519
vt 0.664966 0.695793
vt 0.640036 0.693120
vt 0.821306 0.640188
vt 0.798620 0.640015
vt 0.612493 0.369734
vt 0.166964 0.596906
vt 0.190100 0.575566
vt 0.198689 0.598904
vt 0.813433 0.662580
vt 0.953097 0.874525
vt 0.953097 0.937235
vt 0.933590 0.919680
vt 0.935970 0.899147
vt 0.409075 0.926558
vt 0.640001 0.171450
vt 0.640001 0.203485
vt 0.619000 0.196835
vt 0.615409 0.178399
vt 0.214683 0.537578
vt 0.205388 0.545926
vt 0.971492 0.208580
vt 0.828728 0.544928
vt 0.811878 0.526580
vt 0.828728 0.526054
vt 0.124963 0.873961
vt 0.438663 0.836467
vt 0.459162 0.842633
vt 0.453010 0.857645
vt 0.211088 0.914133
vt 0.181444 0.912300
vt 0.193443 0.890574
vt 0.207556 0.890607
vt 0.970488 0.725063
vt 0.958919 0.722957
vt 0.970488 0.672844
vt 0.759042 0.256129
vt 0.754858 0.274981
vt 0.148026 0.603191
vt 0.211088 0.941866
vt 0.181842 0.937364
vt 0.425274 0.821270
vt 0.465718 0.819731
vt 0.202977 0.647610
vt 0.184756 0.667718
vt 0.210028 0.655396
vt 0.214683 0.682586
vt 0.585205 0.203031
vt 0.590819 0.171450
vt 0.611430 0.203031
vt 0.759085 0.373721
vt 0.776866 0.363300
vt 0.787083 0.399258
vt 0.754858 0.399258
vt 0.216717 0.478667
vt 0.194579 0.470207
vt 0.602402 0.240158
vt 0.645389 0.923076
vt 0.680112 0.612886
vt 0.413541 0.855759
vt 0.765930 0.290932
vt 0.244002 0.804946
vt 0.228333 0.777378
vt 0.303700 0.778744
vt 0.301051 0.795668
vt 0.665787 0.900809
vt 0.678881 0.891021
vt 0.413541 0.770929
vt 0.477455 0.780318
vt 0.245107 0.752622
vt 0.303997 0.765719
vt 0.140285 0.763800
vt 0.198616 0.776265
vt 0.190152 0.797647
vt 0.135557 0.771722
vt 0.307126 0.815471
vt 0.258441 0.837210
vt 0.236974 0.817879
vt 0.305706 0.805589
vt 0.207250 0.734469
vt 0.149119 0.737502
vt 0.179012 0.805414
vt 0.646375 0.820044
vt 0.632260 0.827505
vt 0.243378 0.736017
vt 0.307126 0.753963
vt 0.214683 0.762216
vt 0.144237 0.754404
vt 0.435896 0.815753
vt 0.492145 0.802950
vt 0.940338 0.199781
vt 0.931888 0.138484
vt 0.951206 0.129213
vt 0.951206 0.201521
vt 0.205289 0.686563
vt 0.141111 0.707911
vt 0.449824 0.711697
vt 0.492145 0.739971
vt 0.387062 0.405847
vt 0.405962 0.396255
vt 0.983211 0.698049
vt 0.983211 0.718718
vt 0.974467 0.714255
vt 0.370837 0.463038
vt 0.137148 0.964055
vt 0.135557 0.957264
vt 0.985077 0.959990
vt 0.985077 0.975834
vt 0.974877 0.960851
vt 0.948716 0.370804
vt 0.963311 0.375033
vt 0.346292 0.976441
vt 0.335492 0.972696
vt 0.330903 0.960505
vt 0.346292 0.953706
vt 0.837798 0.726969
vt 0.840239 0.751599
vt 0.827410 0.718517
vt 0.409176 0.813967
vt 0.396212 0.830502
vt 0.394118 0.813217
vt 0.393548 0.799219
vt 0.400298 0.840083
vt 0.390273 0.839587
vt 0.383713 0.826082
vt 0.392262 0.488644
vt 0.367304 0.500508
vt 0.370513 0.481325
vt 0.388022 0.476418
vt 0.944134 0.668844
vt 0.933155 0.668779
vt 0.944134 0.656642
vt 0.971665 0.918981
vt 0.981667 0.910704
vt 0.981667 0.933980
vt 0.913981 0.492316
vt 0.927743 0.505061
vt 0.889739 0.517264
vt 0.896490 0.506292
vt 0.597621 0.375034
vt 0.597621 0.403804
vt 0.379957 0.514135
vt 0.399320 0.500773
vt 0.576106 0.917429
vt 0.602330 0.923431
vt 0.600341 0.945437
vt 0.979119 0.478123
vt 0.964506 0.479525
vt 0.970264 0.464341
vt 0.979119 0.455911
vt 0.405962 0.512929
vt 0.390491 0.531548
vt 0.359679 0.914504
vt 0.359679 0.946696
vt 0.257869 0.956639
vt 0.228333 0.956639
vt 0.229348 0.943022
vt 0.243879 0.941302
vt 0.405668 0.426749
vt 0.398571 0.442113
vt 0.334001 0.899149
vt 0.330903 0.916109
vt 0.969822 0.841969
vt 0.971885 0.865006
vt 0.954614 0.859810
vt 0.953862 0.844334
vt 0.964181 0.353433
vt 0.393651 0.452083
vt 0.617725 0.757181
vt 0.603970 0.759706
vt 0.392002 0.463884
vt 0.924917 0.522088
vt 0.927743 0.538511
vt 0.906979 0.540551
vt 0.890588 0.533868
vt 0.645184 0.751015
vt 0.630247 0.747258
vt 0.972005 0.079650
vt 0.983496 0.072763
vt 0.983496 0.102465
vt 0.762427 0.719120
vt 0.762030 0.741264
vt 0.781882 0.107395
vt 0.762427 0.688653
vt 0.754177 0.678744
vt 0.735695 0.022772
vt 0.535681 0.941511
vt 0.883857 0.130515
vt 0.896136 0.111706
vt 0.899240 0.130515
vt 0.686280 0.039733
vt 0.969962 0.764868
vt 0.850927 0.075363
vt 0.835061 0.078693
vt 0.841363 0.098368
vt 0.857132 0.095663
vt 0.651767 0.956899
vt 0.665665 0.949995
vt 0.665665 0.978594
vt 0.657933 0.972833
vt 0.953172 0.807376
vt 0.965045 0.781389
vt 0.972387 0.795150
vt 0.969885 0.804026
vt 0.957075 0.951547
vt 0.970898 0.939351
vt 0.970898 0.965612
vt 0.967427 0.975878
vt 0.849772 0.115274
vt 0.862234 0.112158
vt 0.967745 0.143961
vt 0.955184 0.146406
vt 0.958046 0.129213
vt 0.972535 0.132900
vt 0.972387 0.822034
vt 0.968868 0.169899
vt 0.972535 0.158697
vt 0.874047 0.118920
vt 0.879878 0.131968
vt 0.549721 0.979450
vt 0.535681 0.959527
vt 0.549721 0.952624
vt 0.913361 0.129432
vt 0.903219 0.128558
vt 0.913361 0.111706
vt 0.758312 0.060195
vt 0.831082 0.133694
vt 0.953392 0.545476
vt 0.948086 0.763480
vt 0.883857 0.036549
vt 0.684163 0.709898
vt 0.815721 0.719284
vt 0.975007 0.612468
vt 0.975007 0.657351
vt 0.965069 0.632976
vt 0.898162 0.208580
vt 0.334024 0.840083
vt 0.330903 0.821016
vt 0.831303 0.763962
vt 0.829877 0.777411
vt 0.772602 0.705705
vt 0.833210 0.708136
vt 0.959014 0.558871
vt 0.970079 0.549453
vt 0.970079 0.598715
vt 0.341876 0.788559
vt 0.779034 0.678744
vt 0.828906 0.697631
vt 0.131506 0.735649
vt 0.121437 0.728243
vt 0.131506 0.679749
vt 0.348715 0.768961
vt 0.967687 0.935374
vt 0.957075 0.881315
vt 0.967687 0.874525
vt 0.584886 0.723019
vt 0.646375 0.702203
vt 0.348477 0.742999
vt 0.953246 0.220432
vt 0.953246 0.276174
vt 0.936521 0.261311
vt 0.944470 0.208580
vt 0.379550 0.746977
vt 0.407562 0.794958
vt 0.216801 0.945843
vt 0.203525 0.966628
vt 0.207048 0.958736
vt 0.406187 0.694607
vt 0.980848 0.068784
vt 0.970479 0.061443
vt 0.980848 0.055374
vt 0.983078 0.269582
vt 0.975053 0.261169
vt 0.983078 0.253475
vt 0.435614 0.968375
vt 0.746944 0.941650
vt 0.761157 0.935812
vt 0.743599 0.960007
vt 0.785684 0.520438
vt 0.783542 0.542361
vt 0.764465 0.545476
vt 0.883654 0.916952
vt 0.889447 0.904580
vt 0.889447 0.941740
vt 0.976172 0.334235
vt 0.962708 0.304071
vt 0.976172 0.292896
vt 0.385059 0.966922
vt 0.395576 0.983476
vt 0.383584 0.983476
vt 0.722739 0.589137
vt 0.752730 0.492089
vt 0.729409 0.476392
vt 0.750062 0.477912
vt 0.893426 0.913386
vt 0.899270 0.879396
vt 0.181444 0.969946
vt 0.185147 0.949132
vt 0.199546 0.945843
vt 0.199546 0.962812
vt 0.929611 0.874525
vt 0.761157 0.969109
vt 0.632213 0.373711
vt 0.659202 0.378037
vt 0.659202 0.402005
vt 0.642648 0.401836
vt 0.670424 0.198305
vt 0.643980 0.198305
vt 0.654731 0.171450
vt 0.785684 0.418744
vt 0.122783 0.155924
vt 0.130647 0.153455
vt 0.046191 0.979638
vt 0.034842 0.951949
vt 0.046191 0.943164
vt 0.134456 0.151264
vt 0.135809 0.150666
vt 0.135720 0.146612
vt 0.760908 0.597709
vt 0.761750 0.509969
vt 0.152668 0.968522
vt 0.581013 0.960773
vt 0.971885 0.832053
vt 0.953172 0.826011
vt 0.974877 0.956013
vt 0.983490 0.939351
vt 0.985226 0.956013
vt 0.964181 0.395821
vt 0.129977 0.132966
vt 0.129420 0.131623
vt 0.126677 0.130405
vt 0.237899 0.921790
vt 0.216801 0.977496
vt 0.602330 0.958195
vt 0.238013 0.721298
vt 0.228333 0.716253
vt 0.714164 0.904818
vt 0.695395 0.913671
vt 0.690965 0.907876
vt 0.684163 0.893711
vt 0.409127 0.966922
vt 0.409127 0.981102
vt 0.399555 0.973370
vt 0.132315 0.140587
vt 0.130552 0.134570
vt 0.575070 0.248643
vt 0.914506 0.776313
vt 0.901828 0.774721
vt 0.902663 0.763966
vt 0.914506 0.762467
vt 0.678208 0.659204
vt 0.700006 0.183531
vt 0.902339 0.781389
vt 0.920896 0.786996
vt 0.906021 0.821764
vt 0.900639 0.824977
vt 0.983610 0.586421
vt 0.983610 0.607301
vt 0.974057 0.590511
vt 0.530403 0.654078
vt 0.678881 0.904786
vt 0.016915 0.917027
vt 0.016935 0.888397
vt 0.641674 0.912721
vt 0.636082 0.920924
vt 0.426794 0.941901
vt 0.435052 0.948049
vt 0.933155 0.636934
vt 0.949713 0.477104
vt 0.259274 0.982406
vt 0.246765 0.980989
vt 0.259274 0.960616
vt 0.316407 0.983177
vt 0.303775 0.980151
vt 0.305912 0.967660
vt 0.316407 0.966098
vt 0.875720 0.953377
vt 0.983460 0.692266
vt 0.939121 0.776673
vt 0.919529 0.757129
vt 0.939121 0.753544
vt 0.375198 0.985305
vt 0.363658 0.985305
vt 0.367851 0.966013
vt 0.854683 0.939438
vt 0.530403 0.597603
vt 0.563540 0.756466
vt 0.568173 0.746815
vt 0.568173 0.767588
vt 0.326924 0.962121
vt 0.303775 0.962121
vt 0.897399 0.928773
vt 0.748395 0.159072
vt 0.762355 0.169233
vt 0.118561 0.129209
vt 0.116097 0.128912
vt 0.115287 0.129763
vt 0.230977 0.670084
vt 0.877214 0.549453
vt 0.879499 0.550419
vt 0.687433 0.200923
vt 0.706825 0.201257
vt 0.311689 0.837993
vt 0.123560 0.129613
vt 0.429622 0.465876
vt 0.414904 0.453400
vt 0.023444 0.536565
vt 0.684123 0.539283
vt 0.703587 0.517989
vt 0.888729 0.967977
vt 0.889374 0.980110
vt 0.878513 0.972145
vt 0.889374 0.957354
vt 0.551451 0.068896
vt 0.556980 0.085751
vt 0.710621 0.829675
vt 0.534382 0.681468
vt 0.559561 0.686978
vt 0.559561 0.705025
vt 0.543839 0.707047
vt 0.700411 0.404569
vt 0.688197 0.404569
vt 0.690696 0.389810
vt 0.228333 0.874629
vt 0.237837 0.887405
vt 0.697317 0.824613
vt 0.695992 0.835062
vt 0.684163 0.833459
vt 0.689947 0.819544
vt 0.971267 0.405585
vt 0.241686 0.900676
vt 0.500591 0.835836
vt 0.502569 0.849714
vt 0.292168 0.533347
vt 0.299628 0.545765
vt 0.872825 0.521277
vt 0.872825 0.544093
vt 0.855044 0.541381
vt 0.851560 0.523072
vt 0.547472 0.181716
vt 0.509740 0.188192
vt 0.786218 0.965960
vt 0.770258 0.965950
vt 0.766406 0.951977
vt 0.786218 0.943876
vt 0.358821 0.885632
vt 0.343227 0.877086
vt 0.334215 0.547226
vt 0.341939 0.544183
vt 0.842273 0.882966
vt 0.827040 0.880688
vt 0.958729 0.349456
vt 0.938419 0.341699
vt 0.791543 0.492115
vt 0.789663 0.481011
vt 0.504234 0.793375
vt 0.500308 0.774812
vt 0.496124 0.810956
vt 0.731781 0.910072
vt 0.739436 0.891393
vt 0.158103 0.306861
vt 0.108708 0.317087
vt 0.490631 0.910738
vt 0.489823 0.900427
vt 0.743201 0.931835
vt 0.732248 0.925301
vt 0.963058 0.091076
vt 0.968027 0.120756
vt 0.950284 0.108945
vt 0.948042 0.088200
vt 0.923795 0.668661
vt 0.904087 0.668661
vt 0.902594 0.658718
vt 0.923924 0.654698
vt 0.383199 0.535525
vt 0.389817 0.548483
vt 0.953309 0.072763
vt 0.968027 0.078933
vt 0.417024 0.352666
vt 0.918482 0.647122
vt 0.911334 0.639533
vt 0.927100 0.854781
vt 0.933367 0.846586
vt 0.945914 0.868114
vt 0.924874 0.868114
vt 0.409047 0.566010
vt 0.400594 0.553877
vt 0.810890 0.522077
vt 0.801167 0.511129
vt 0.430367 0.310083
vt 0.191120 0.828680
vt 0.223128 0.809392
vt 0.124528 0.292983
vt 0.118882 0.367905
vt 0.517302 0.766479
vt 0.515583 0.770189
vt 0.152923 0.415297
vt 0.158103 0.419216
vt 0.413541 0.287617
vt 0.530079 0.069491
vt 0.576910 0.156995
vt 0.684163 0.946000
vt 0.684955 0.935373
vt 0.547472 0.071254
vt 0.096917 0.969994
vt 0.086028 0.947082
vt 0.096917 0.931670
vt 0.021425 0.944616
vt 0.030863 0.943164
vt 0.030863 0.973998
vt 0.016915 0.960463
vt 0.242786 0.960616
vt 0.242786 0.981163
vt 0.228333 0.978005
vt 0.972501 0.184201
vt 0.984179 0.173876
vt 0.984179 0.200496
vt 0.465718 0.885270
vt 0.924917 0.292896
vt 0.584958 0.089140
vt 0.220751 0.762130
vt 0.218662 0.748087
vt 0.220751 0.729375
vt 0.706145 0.941808
vt 0.719152 0.935373
vt 0.719152 0.973424
vt 0.715698 0.974211
vt 0.940187 0.749567
vt 0.921898 0.707775
vt 0.919529 0.679657
vt 0.940187 0.672844
vt 0.699211 0.493342
vt 0.473474 0.483327
vt 0.933590 0.965643
vt 0.934117 0.941212
vt 0.947704 0.945002
vt 0.947704 0.973021
vt 0.699595 0.886167
vt 0.719791 0.882771
vt 0.982836 0.874525
vt 0.982836 0.906726
vt 0.974252 0.899191
vt 0.971665 0.889280
vt 0.861439 0.940120
vt 0.865331 0.905590
vt 0.882246 0.551518
vt 0.113344 0.144672
vt 0.113434 0.145031
vt 0.115716 0.149707
vt 0.957224 0.287240
vt 0.965459 0.253475
vt 0.966857 0.259660
vt 0.971074 0.287240
vt 0.210643 0.318935
vt 0.981010 0.016992
vt 0.981010 0.051397
vt 0.970479 0.045414
vt 0.977640 0.030247
vt 0.632950 0.968151
vt 0.614537 0.967278
vt 0.613409 0.950552
vt 0.593489 0.253025
vt 0.592159 0.237141
vt 0.951869 0.068786
vt 0.570784 0.282589
vt 0.739621 0.935812
vt 0.162906 0.462306
vt 0.162082 0.440226
vt 0.101414 0.875843
vt 0.102763 0.862424
vt 0.124963 0.935678
vt 0.598184 0.227447
vt 0.113726 0.132954
vt 0.112003 0.137824
vt 0.057999 0.884419
vt 0.053992 0.882630
vt 0.972005 0.111079
vt 0.984435 0.106442
vt 0.984435 0.122384
vt 0.632950 0.946870
vt 0.030480 0.583294
vt 0.016915 0.589717
vt 0.898615 0.590045
vt 0.884772 0.552804
vt 0.112801 0.141432
vt 0.719791 0.931396
vt 0.016915 0.854526
vt 0.047045 0.879461
vt 0.044490 0.883472
vt 0.739502 0.465219
vt 0.651560 0.545476
vt 0.551839 0.601522
vt 0.545434 0.573187
vt 0.548249 0.573895
vt 0.551622 0.574304
vt 0.554234 0.573378
vt 0.556586 0.572840
vt 0.558944 0.574861
vt 0.562476 0.575231
vt 0.567589 0.602318
vt 0.903917 0.843961
vt 0.893426 0.832758
vt 0.894534 0.831695
vt 0.895837 0.830350
vt 0.909560 0.819289
vt 0.920806 0.834524
vt 0.791062 0.397620
vt 0.792636 0.369696
vt 0.794007 0.369121
vt 0.798465 0.368156
vt 0.805387 0.363762
vt 0.810590 0.363300
vt 0.810590 0.394128
vt 0.866501 0.476898
vt 0.866424 0.438930
vt 0.883583 0.442110
vt 0.884258 0.480568
vt 0.873335 0.405585
vt 0.879174 0.408289
vt 0.882033 0.410379
vt 0.885760 0.409934
vt 0.129203 0.152460
vt 0.141204 0.133632
vt 0.482192 0.856086
vt 0.490631 0.885504
vt 0.476449 0.896449
vt 0.469697 0.864672
vt 0.855395 0.473859
vt 0.851560 0.438399
vt 0.904772 0.870547
vt 0.920896 0.862171
vt 0.539040 0.633720
vt 0.556890 0.635514
vt 0.534382 0.667720
vt 0.567589 0.677490
vt 0.820965 0.202570
vt 0.776343 0.202570
vt 0.781444 0.189168
vt 0.826448 0.184062
vt 0.776502 0.173638
vt 0.811428 0.150426
vt 0.490631 0.819731
vt 0.472077 0.832662
vt 0.854355 0.512461
vt 0.885760 0.517300
s 1
usemtl _2_tree
f 6/1/1 55/2/1 7/3/1
f 54/4/2 23/5/2 5/6/2
f 567/7/3 2/8/3 1/9/3
f 9/10/4 3/11/4 2/8/4
f 4/12/5 10/13/5 5/14/5
f 28/15/6 52/16/6 29/17/6
f 555/18/7 18/19/7 560/20/7
f 17/21/8 556/22/8 553/23/8
f 59/24/9 568/25/9 107/26/9
f 558/27/10 16/28/10 106/29/10
f 13/30/11 562/31/11 57/32/11
f 64/33/12 4/34/12 5/35/12
f 25/36/13 7/37/13 50/38/13
f 65/39/14 49/40/14 6/1/14
f 3/11/15 22/41/15 2/8/15
f 63/42/16 22/41/16 3/11/16
f 51/43/17 26/44/17 50/38/17
f 39/45/18 38/46/18 26/47/18
f 11/48/19 49/40/19 23/5/19 54/4/19
f 40/49/20 39/50/20 26/51/20
f 36/52/21 35/53/21 44/54/21
f 66/55/22 32/56/22 74/57/22
f 70/58/23 69/59/23 47/60/23
f 68/61/24 67/62/24 48/63/24
f 48/64/25 65/65/25 24/66/25
f 28/15/26 47/67/27 27/68/28
f 8/69/29 57/70/29 52/71/29
f 130/72/30 118/73/30 77/74/30
f 122/75/31 81/76/31 92/77/31
f 90/78/32 121/79/32 80/80/32
f 116/81/33 84/82/33 93/83/33
f 80/84/34 83/85/34 136/86/34
f 82/87/35 78/88/35 113/89/35
f 117/90/36 87/91/36 76/92/36
f 126/93/37 533/94/37 537/95/37
f 551/96/38 84/97/38 122/75/38
f 540/98/39 119/99/39 118/100/39
f 76/92/40 93/83/40 75/101/40
f 88/102/41 130/72/41 77/74/41
f 108/103/42 560/104/42 104/105/42
f 568/106/43 145/107/43 107/108/43
f 146/109/44 558/27/45 106/29/46
f 554/110/47 149/111/47 106/112/47
f 89/113/48 149/114/48 133/115/48
f 87/116/49 109/117/49 76/118/49
f 90/119/50 106/120/50 134/121/50
f 104/122/51 88/123/51 131/124/51
f 134/121/52 106/120/52 89/125/52
f 104/122/53 130/126/53 88/123/53
f 531/127/54 127/128/54 535/129/54
f 171/130/55 129/131/55 548/132/55
f 543/133/56 85/134/56 542/135/56
f 113/89/57 132/136/57 112/137/57
f 156/138/58 150/139/58 166/140/58
f 198/141/59 155/142/59 182/143/59
f 159/144/60 169/145/60 184/146/60
f 183/147/61 157/148/61 200/149/61
f 188/150/62 215/151/62 182/152/62
f 185/153/63 190/154/63 151/155/63
f 528/156/64 192/157/64 160/158/64
f 161/159/65 522/160/65 521/161/65
f 198/141/66 165/162/66 181/163/66
f 201/164/67 170/165/67 152/166/67
f 181/163/68 197/167/68 153/168/68
f 167/169/69 166/140/69 150/139/69
f 186/170/70 201/171/70 152/172/70
f 183/147/71 167/169/71 150/139/71
f 219/173/72 168/174/72 200/175/72
f 218/176/73 170/177/73 201/171/73
f 216/178/74 197/179/74 165/180/74
f 151/181/75 217/182/75 169/183/75
f 180/184/76 215/185/76 166/186/76
f 214/187/77 184/188/77 169/183/77
f 202/189/78 84/190/78 186/170/78
f 214/187/79 200/175/79 184/188/79
f 541/191/80 198/192/80 199/193/80
f 334/194/81 193/195/81 529/196/81
f 84/197/82 545/198/82 218/199/82
f 215/200/83 541/191/83 199/193/83
f 227/201/84 223/202/84 269/203/84
f 258/204/85 239/205/85 254/206/85
f 221/207/86 261/208/86 267/209/86
f 224/210/87 220/211/87 236/212/87
f 220/213/88 226/214/88 238/215/88
f 242/216/89 241/217/89 223/218/89
f 222/219/90 262/220/90 257/221/90
f 464/222/91 262/220/91 222/219/91
f 234/223/92 493/224/92 495/225/92
f 466/226/93 260/227/93 259/228/93
f 501/229/94 222/230/94 261/231/94
f 256/232/95 512/233/95 224/210/95
f 238/215/96 237/234/96 220/213/96
f 266/235/97 236/212/97 220/211/97
f 268/236/98 267/237/98 222/238/98
f 257/239/99 268/236/99 222/238/99
f 241/217/100 325/240/100 269/241/100
f 266/242/101 511/243/101 236/244/101
f 265/245/102 285/246/102 243/247/102
f 251/248/103 221/249/103 267/250/103
f 517/251/104 241/217/104 242/216/104
f 228/252/105 232/253/105 515/254/105
f 244/255/106 513/256/106 511/257/106
f 301/258/107 292/259/107 302/260/107
f 293/261/108 286/262/108 320/263/108
f 285/264/109 282/265/109 318/266/109
f 325/267/110 333/268/110 332/269/110
f 284/270/111 279/271/112 300/272/113
f 326/273/114 304/274/114 289/275/114
f 324/276/115 321/277/115 288/278/115
f 329/279/116 494/280/116 496/281/116
f 331/282/117 286/283/117 287/284/117
f 319/285/118 340/286/118 283/287/118
f 284/270/119 299/288/119 319/285/119
f 286/262/120 330/289/120 320/263/120
f 341/290/121 330/291/121 286/292/121
f 338/293/122 340/294/122 299/295/122
f 333/296/123 528/297/123 332/298/123
f 340/299/124 314/300/124 282/301/124
f 282/301/125 314/300/125 305/302/125
f 313/303/126 300/304/126 301/305/126
f 310/306/127 304/307/127 305/302/127
f 300/304/128 338/293/128 299/295/128
f 356/308/129 396/309/129 344/310/129
f 478/311/130 364/312/130 348/313/130
f 485/314/131 366/315/131 349/316/131
f 363/317/132 362/318/132 347/319/132
f 367/320/133 350/321/133 342/322/133
f 361/323/134 360/324/134 346/325/134
f 348/326/135 363/317/135 347/319/135
f 436/327/136 377/328/136 487/329/136
f 474/330/137 453/331/137 454/332/137
f 430/333/138 469/334/138 380/335/138
f 451/336/139 452/337/139 468/338/139
f 452/339/140 372/340/140 373/341/140
f 390/342/141 416/343/141 421/344/141
f 390/345/142 420/346/143 415/347/144
f 412/348/145 388/349/145 419/350/145
f 416/351/146 390/345/146 415/347/146
f 414/352/147 420/353/147 413/354/147
f 392/355/148 410/356/148 411/357/148
f 407/358/149 393/359/149 409/360/149
f 409/361/150 393/362/150 405/363/150
f 405/364/151 393/365/151 406/366/151
f 408/367/152 393/368/152 407/369/152
f 406/370/153 393/368/153 408/367/153
f 403/371/154 402/372/154 386/373/154
f 394/374/155 404/375/155 381/376/155
f 394/377/156 381/378/156 382/379/156
f 399/380/157 398/381/157 384/382/157
f 400/383/158 399/384/158 416/385/158
f 471/386/159 400/387/159 470/388/159
f 394/374/160 484/389/160 404/375/160
f 404/375/161 485/390/161 411/391/161
f 391/392/162 405/364/162 417/393/162
f 410/394/163 406/395/163 418/396/163
f 408/367/164 407/369/164 389/397/164
f 405/363/165 413/354/165 420/353/165
f 412/348/166 408/367/166 388/349/166
f 413/398/167 405/399/167 391/400/167
f 390/345/142 409/360/142 420/346/143
f 407/358/168 409/360/168 390/345/168
f 392/355/169 406/366/169 410/356/169
f 418/401/170 406/402/170 387/403/170
f 408/367/171 389/397/171 388/349/171
f 401/404/172 422/405/172 386/406/172
f 416/407/173 415/408/173 470/409/173
f 413/410/174 401/411/174 385/412/174
f 404/413/175 418/401/175 381/414/175
f 384/382/176 421/415/176 399/380/176
f 396/416/177 419/350/177 383/417/177
f 470/418/178 414/419/178 385/420/178
f 421/344/179 416/343/179 399/421/179
f 429/422/180 425/423/180 437/424/180
f 429/422/181 437/424/181 455/425/181
f 490/426/182 423/427/182 443/428/182
f 424/429/183 488/430/183 455/425/183
f 443/431/184 442/432/184 428/433/184
f 483/434/185 429/435/185 488/436/185
f 468/437/186 451/438/186 431/439/186
f 429/422/187 370/440/187 379/441/187
f 463/442/188 457/443/188 426/444/188
f 423/427/189 444/445/189 443/428/189
f 424/429/190 444/445/190 423/427/190
f 456/446/191 440/447/191 426/448/191
f 256/232/192 228/449/192 512/233/192
f 224/210/193 512/233/193 225/450/193
f 437/451/194 225/452/194 455/453/194
f 441/454/195 465/455/195 427/456/195
f 455/457/196 512/458/196 424/459/196
f 424/459/197 512/458/197 444/460/197
f 449/461/198 439/462/198 440/463/198
f 444/464/199 228/465/199 443/431/199
f 438/466/200 226/467/200 425/468/200
f 435/469/201 376/470/201 479/471/201
f 469/472/202 371/473/202 380/474/202
f 474/475/203 374/476/203 373/477/203
f 518/478/204 270/479/204 285/480/204
f 464/481/205 461/482/205 501/483/205
f 464/222/206 233/484/206 262/220/206
f 225/485/207 235/486/207 460/487/207
f 491/488/208 296/489/208 492/490/208
f 256/232/209 231/491/209 514/492/209
f 261/231/210 233/493/210 501/229/210
f 449/494/211 264/495/211 500/496/211
f 500/497/212 264/498/212 466/499/212
f 512/233/213 231/491/213 224/210/213
f 460/500/214 235/501/214 504/502/214
f 498/503/215 275/504/215 497/505/215
f 514/506/216 458/507/216 256/508/216
f 507/509/217 328/510/217 253/511/217
f 309/512/218 193/513/218 529/514/218
f 539/515/219 85/516/219 542/517/219
f 545/518/220 177/519/220 543/520/220
f 544/521/221 128/522/221 541/523/221
f 171/524/222 129/525/222 546/526/222
f 557/527/223 17/528/223 556/529/223
f 565/530/224 138/531/224 566/532/224
f 559/533/225 60/534/225 147/535/225
f 567/7/226 62/536/226 566/537/226
f 564/538/227 15/539/227 562/540/227
f 550/541/228 124/542/228 551/543/228
f 104/544/229 565/545/229 109/546/229
f 524/547/230 194/548/230 523/549/230
f 547/550/231 84/551/231 216/552/231
f 529/553/232 154/554/232 309/555/232
f 192/157/233 530/556/233 187/557/233
f 497/505/234 329/558/234 496/559/234
f 295/560/235 498/503/235 502/561/235
f 505/562/236 298/563/236 508/564/236
f 436/565/237 490/566/237 377/567/237
f 430/568/238 468/569/238 469/570/238
f 466/571/239 500/572/239 449/573/239
f 4/12/240 63/42/240 53/574/240 10/13/240
f 51/575/241 50/576/241 12/577/241 13/578/241
f 63/42/242 3/11/242 9/10/242 53/574/242
f 6/579/243 149/580/243 55/581/243
f 567/7/244 1/9/244 29/582/244 58/583/244
f 8/69/245 51/575/245 13/578/245 57/70/245
f 56/584/246 12/585/246 50/586/246
f 10/587/247 54/4/247 5/6/247
f 6/1/248 49/40/248 11/48/248 149/588/248
f 50/586/249 7/3/249 55/2/249 56/584/249
f 56/589/250 55/590/250 554/591/250 106/592/250
f 567/7/251 9/10/251 2/8/251
f 18/593/252 19/594/252 563/595/252 561/596/252
f 16/597/253 61/598/253 17/599/253 18/600/253 19/601/253 62/602/253 59/603/253 14/604/253 15/605/253 60/606/253
f 58/607/254 57/70/254 570/608/254 569/609/254
f 563/610/255 53/574/255 9/10/255 565/611/255
f 13/612/256 559/533/256 147/535/256
f 555/613/257 557/614/257 54/615/257
f 552/616/258 554/617/258 55/618/258
f 15/539/259 564/538/259 570/619/259 14/620/259
f 55/621/260 149/622/260 553/623/260 552/624/260
f 13/578/261 12/577/261 558/625/261 559/626/261
f 9/10/262 567/7/262 566/537/262
f 566/537/263 565/611/263 9/10/263
f 57/70/264 562/627/264 564/628/264
f 561/596/265 560/629/265 18/593/265
f 556/529/266 11/48/266 54/4/266 557/527/266
f 569/609/267 568/630/267 58/607/267
f 13/30/268 147/631/268 562/31/268
f 20/632/269 1/9/269 2/8/269 21/633/269
f 22/41/270 21/633/270 2/8/270
f 25/36/271 24/634/271 7/37/271
f 8/69/272 27/635/272 51/575/272
f 5/35/273 23/636/273 64/33/273
f 50/38/274 26/44/274 25/36/274
f 1/637/275 20/638/275 29/17/275
f 8/639/276 52/16/276 28/15/276 27/68/276
f 65/39/277 6/1/277 7/3/277 24/640/277
f 42/641/278 41/642/278 33/643/278 66/55/278
f 43/644/279 45/645/279 30/646/279 73/647/279
f 37/648/280 68/61/280 48/63/280
f 34/649/281 33/643/281 41/642/281
f 43/644/282 73/647/282 72/650/282
f 44/54/283 35/53/283 34/649/283
f 30/651/284 45/652/284 46/653/284 31/654/284
f 31/654/285 46/653/285 74/655/285 32/656/285
f 66/55/286 22/657/286 63/658/286 42/641/286
f 71/659/287 70/660/287 47/67/287
f 49/661/288 65/662/288 67/62/288 36/52/288
f 65/65/289 48/64/289 67/663/289
f 47/67/27 69/664/290 27/68/28
f 22/657/291 66/55/291 74/57/291
f 40/49/292 51/665/292 27/68/292 69/664/292
f 46/666/293 21/667/293 22/657/293 74/57/293
f 44/54/294 23/668/294 49/661/294 36/52/294
f 20/638/295 21/667/295 46/666/295 45/645/295
f 51/665/296 40/49/296 26/51/296
f 43/644/297 29/17/297 20/638/297 45/645/297
f 64/33/298 23/636/298 44/669/298 34/670/298
f 25/671/299 26/51/299 38/672/299 37/648/299
f 28/15/300 29/17/300 43/644/300 72/650/300
f 41/673/301 4/34/301 64/33/301 34/670/301
f 48/63/302 24/674/302 25/671/302 37/648/302
f 63/658/303 4/675/303 41/642/303 42/641/303
f 28/15/304 72/650/304 47/67/304
f 58/607/305 29/676/305 52/71/305 57/70/305
f 61/677/306 554/678/306 106/29/306 16/28/306
f 147/679/307 562/540/307 15/539/307 60/680/307
f 82/87/308 113/89/308 112/137/308 119/99/308
f 72/650/309 71/659/309 47/67/309
f 76/92/310 75/101/310 79/681/310 117/90/310
f 120/682/311 115/683/311 114/684/311
f 120/682/312 114/684/312 78/88/312 82/87/312
f 130/72/313 87/91/313 117/90/313 118/73/313
f 122/75/314 92/77/314 136/86/314 83/85/314
f 79/681/315 75/101/315 93/83/315 84/82/315
f 119/99/316 112/137/316 77/685/316 118/100/316
f 115/686/317 121/79/317 90/78/317
f 84/97/318 116/687/318 81/76/318 122/75/318
f 80/84/319 121/688/319 83/85/319
f 117/90/320 79/681/320 547/689/320 548/690/320
f 128/691/321 129/692/321 123/693/321 124/694/321 125/695/321 85/696/321 126/697/321 127/698/321 86/699/321
f 118/73/322 544/521/322 541/523/322
f 83/85/323 121/688/323 539/515/323 542/517/323
f 551/96/324 550/700/324 84/97/324
f 532/701/325 533/94/325 126/93/325 127/128/325
f 534/702/326 536/703/326 119/704/326
f 118/73/327 117/90/327 546/526/327 544/521/327
f 126/705/328 538/706/328 539/707/328 85/708/328
f 545/709/329 551/96/329 122/75/329
f 543/133/330 545/710/330 125/711/330 85/134/330
f 540/98/331 534/712/331 119/99/331
f 117/90/332 171/524/332 546/526/332
f 121/713/333 115/683/333 537/714/333 538/715/333
f 549/716/334 547/550/334 123/717/334
f 123/717/335 124/542/335 550/541/335 549/716/335
f 541/718/336 540/98/336 118/100/336
f 535/719/337 82/87/337 119/99/337 536/720/337
f 114/721/338 115/722/338 134/723/338 89/724/338
f 77/725/339 131/726/339 88/727/339
f 133/728/340 78/88/340 114/684/340 89/729/340
f 78/88/341 133/728/341 113/89/341
f 136/86/342 91/730/342 80/84/342
f 93/731/343 81/732/343 116/733/343
f 90/734/344 134/735/344 115/736/344
f 140/737/345 560/738/345 561/739/345 94/740/345
f 80/741/346 135/742/346 90/743/346
f 91/730/347 135/744/347 80/84/347
f 561/745/348 563/746/348 104/544/348
f 105/747/349 569/748/349 570/749/349
f 569/748/350 105/747/350 107/26/350 568/25/350
f 107/750/351 109/751/351 567/752/351
f 108/753/352 555/754/352 560/755/352
f 146/109/44 559/756/353 558/27/45
f 108/753/354 557/757/354 555/754/354
f 96/758/355 556/759/355 557/760/355 95/761/355
f 147/762/356 559/763/356 146/764/356
f 147/679/357 110/765/357 562/540/357
f 109/751/358 566/766/358 567/752/358
f 148/767/359 149/768/359 553/23/359 556/22/359
f 110/769/360 111/770/360 564/771/360 562/772/360
f 109/773/361 565/530/361 566/532/361
f 92/774/362 81/775/362 105/776/362 111/777/362
f 149/768/363 552/778/363 553/23/363
f 570/779/364 564/780/364 103/781/364
f 554/782/365 552/778/365 149/768/365
f 89/125/366 106/120/366 149/783/366
f 109/117/367 87/116/367 130/784/367 104/785/367
f 136/786/368 92/787/368 111/770/368 110/769/368
f 91/788/369 136/786/369 110/769/369 147/762/369
f 146/764/370 135/789/370 91/788/370 147/762/370
f 107/750/371 93/731/371 76/790/371 109/751/371
f 90/791/372 135/792/372 146/109/372 106/29/372
f 104/793/373 131/726/373 132/794/373 108/753/373
f 81/732/374 93/731/374 107/750/374 105/795/374
f 123/717/375 547/550/375 548/796/375 129/797/375
f 120/682/376 82/87/376 531/798/376 532/799/376
f 122/75/377 83/85/377 543/800/377 545/709/377
f 131/726/378 77/725/378 112/801/378 132/794/378
f 98/802/379 143/803/379 106/804/379 554/805/379
f 108/753/380 148/806/380 556/807/380 557/757/380
f 562/808/381 147/809/381 101/810/381 102/811/381
f 563/812/382 565/813/382 138/814/382 139/815/382
f 148/806/383 113/816/383 133/115/383 149/114/383
f 132/794/384 113/816/384 148/806/384 108/753/384
f 158/817/385 184/818/385 200/149/385 189/819/385
f 150/139/386 157/148/386 183/147/386
f 186/820/387 152/166/387 160/158/387 192/157/387
f 182/143/388 155/142/388 188/821/388
f 185/153/389 169/822/389 159/823/389 190/154/389
f 181/163/390 153/168/390 309/824/390 154/825/390
f 160/158/391 152/166/391 170/165/391 191/826/391
f 156/138/392 166/140/392 215/151/392 188/150/392
f 155/142/393 198/141/393 181/163/393 154/825/393
f 191/826/394 170/165/394 151/155/394 190/154/394
f 187/827/395 309/828/395 153/829/395
f 523/830/396 159/831/396 158/817/396 520/832/396
f 158/833/397 159/144/397 184/146/397
f 186/820/398 192/157/398 187/557/398
f 196/834/399 163/835/399 164/836/399 193/837/399 308/838/399 526/839/399 194/840/399 195/841/399 161/842/399 162/843/399
f 158/817/400 189/819/400 520/832/400
f 525/844/401 526/839/401 190/154/401
f 189/819/402 157/148/402 519/845/402 520/832/402
f 306/846/403 336/847/403 155/142/403
f 528/848/404 308/849/404 192/850/404
f 306/846/405 155/142/405 154/825/405 335/851/405
f 524/547/406 525/852/406 194/548/406
f 309/853/407 187/854/407 530/855/407
f 157/148/408 521/856/408 519/845/408
f 159/857/409 523/858/409 524/859/409
f 154/825/410 334/860/410 335/851/410
f 167/169/411 183/147/411 200/149/411 168/861/411
f 165/162/412 197/167/412 181/163/412
f 215/862/413 199/863/413 182/864/413
f 187/865/414 153/866/414 202/189/414 186/170/414
f 210/867/415 537/714/415 533/868/415 209/869/415
f 153/866/416 197/870/416 202/189/416
f 199/863/417 198/871/417 182/864/417
f 151/181/418 169/183/418 185/872/418
f 206/873/419 540/874/419 541/875/419 172/876/419
f 540/877/420 215/878/420 180/879/420 534/880/420
f 538/881/421 537/95/421 214/187/421
f 213/882/422 547/883/422 549/884/422
f 538/706/423 214/885/423 217/886/423 539/707/423
f 180/879/424 535/887/424 536/888/424 534/880/424
f 212/889/425 542/517/425 539/515/425 211/890/425
f 216/552/426 548/796/426 547/550/426
f 174/891/427 535/892/427 536/893/427 207/894/427
f 217/182/428 218/176/428 543/520/428 542/895/428
f 171/896/429 548/897/429 216/898/429
f 216/898/430 117/899/430 546/900/430 171/896/430
f 219/901/431 531/902/431 535/903/431
f 204/904/432 205/905/432 544/521/432 546/526/432
f 545/518/433 543/520/433 218/176/433
f 219/173/434 532/701/434 531/127/434
f 532/701/435 219/173/435 214/187/435 533/94/435
f 218/176/436 201/171/436 186/170/436 84/190/436
f 216/898/437 165/906/437 198/907/437 117/899/437
f 541/908/438 117/909/438 198/910/438
f 535/903/439 167/911/439 168/912/439 219/901/439
f 151/181/440 170/177/440 218/176/440 217/182/440
f 166/186/441 167/913/441 535/914/441 180/184/441
f 84/190/442 202/189/442 197/870/442 216/915/442
f 169/183/443 217/182/443 214/187/443
f 308/916/444 530/917/444 193/918/444
f 157/148/445 189/819/445 200/149/445
f 337/919/446 522/920/446 161/921/446 162/922/446
f 308/923/447 526/924/447 527/925/447 528/926/447
f 521/856/448 157/148/448 150/139/448 522/927/448
f 259/928/449 255/929/449 239/205/449 258/204/449
f 217/182/450 542/895/450 539/930/450
f 84/931/451 551/932/451 545/933/451
f 214/187/452 219/173/452 200/175/452
f 261/934/453 221/935/453 240/936/453 260/937/453
f 240/936/454 255/929/454 259/928/454 260/937/454
f 220/213/455 225/485/455 226/214/455
f 267/938/456 261/231/456 222/230/456
f 227/201/457 269/203/457 257/221/457 263/939/457
f 224/210/458 225/450/458 220/211/458
f 265/940/459 243/941/459 229/942/459 256/232/459
f 254/943/460 238/944/460 226/945/460 258/946/460
f 229/942/461 243/941/461 242/947/461 228/449/461
f 236/212/462 265/940/462 256/232/462 224/210/462
f 257/221/463 262/220/463 263/939/463
f 242/948/464 223/202/464 227/201/464 228/949/464
f 230/950/465 232/951/465 446/952/465 233/484/465 234/953/465 264/954/465 235/955/465 231/956/465
f 226/214/466 225/485/466 460/487/466
f 449/494/467 500/496/467 258/204/467
f 258/946/468 226/945/468 504/502/468 449/957/468
f 227/201/469 509/958/469 515/959/469
f 466/960/470 493/961/470 260/962/470
f 501/963/471 464/964/471 222/965/471
f 509/958/472 227/201/472 263/939/472 506/966/472
f 462/967/473 229/942/473 228/449/473
f 259/968/474 500/497/474 466/499/474
f 226/945/475 460/500/475 504/502/475
f 256/969/476 514/970/476 512/971/476
f 263/939/477 262/220/477 506/966/477
f 259/928/478 258/204/478 500/496/478
f 516/972/479 241/217/479 517/251/479
f 239/973/480 238/974/480 254/975/480
f 223/218/481 241/217/481 269/241/481
f 237/976/482 266/235/482 220/211/482
f 496/977/483 251/978/483 497/979/483
f 505/562/484 278/980/484 279/981/484 503/982/484
f 517/983/485 285/984/485 518/985/485
f 270/479/486 285/480/486 518/478/486 277/986/486
f 251/987/487 498/503/487 497/505/487
f 279/981/488 499/988/488 503/982/488
f 498/503/489 251/987/489 280/989/489 502/561/489
f 279/990/490 252/991/490 491/992/490 499/993/490
f 502/994/491 280/995/491 253/996/491 507/997/491
f 491/992/492 252/991/492 281/998/492 492/999/492
f 274/1000/493 492/1001/493 246/1002/493
f 253/1003/494 325/1004/494 510/1005/494
f 247/1006/495 494/1007/495 274/1008/495
f 272/1009/496 508/1010/496 513/1011/496 244/1012/496
f 510/1005/497 325/1004/497 241/1013/497 516/1014/497
f 255/1015/498 240/1016/498 496/1017/498 281/998/498
f 266/242/499 250/1018/499 511/243/499
f 285/1019/500 265/1020/500 236/244/500 511/243/500
f 252/991/501 239/973/501 255/1015/501 281/998/501
f 268/1021/502 257/1022/502 253/1023/502 280/1024/502
f 238/974/503 239/973/503 252/991/503 279/990/503
f 251/1025/504 267/1026/504 268/1027/504 280/1028/504
f 517/1029/505 242/1030/505 243/247/505 285/246/505
f 278/1031/506 237/1032/506 238/974/506 279/990/506
f 496/1033/507 240/1034/507 221/249/507 251/248/507
f 266/1035/508 237/1032/508 278/1031/508 250/1036/508
f 462/1037/509 256/1038/509 231/1039/509 230/1040/509
f 262/1041/510 506/1042/510 446/1043/510 233/1044/510
f 508/564/511 250/1045/511 278/980/511 505/562/511
f 246/1046/512 491/488/512 499/1047/512 273/1048/512
f 276/1049/513 507/1050/513 502/1051/513 248/1052/513
f 511/257/514 271/1053/514 244/255/514
f 276/1054/515 249/1055/515 510/1056/515 253/1057/515
f 257/1022/516 269/241/516 325/240/516 253/1023/516
f 284/270/517 319/285/517 250/1058/517 291/1059/517
f 326/273/518 289/275/518 333/268/518 325/267/518
f 324/276/519 288/278/519 287/1060/519 323/1061/519
f 292/259/520 301/258/520 300/1062/520 279/1063/520
f 318/1064/521 305/1065/521 327/1066/521 285/1067/521
f 290/1068/522 250/1058/522 319/285/522
f 319/285/523 283/287/523 322/1069/523 290/1068/523
f 327/1070/524 305/1071/524 304/1072/524 326/1073/524
f 325/267/525 332/269/525 321/277/525 324/276/525
f 323/1074/526 287/284/526 286/283/526 293/1075/526
f 292/259/527 320/263/527 302/260/527
f 322/1069/528 283/287/528 282/265/528 285/264/528
f 291/1059/529 279/271/529 284/270/529
f 497/1076/530 323/1077/530 293/1078/530 496/1079/530
f 295/1080/531 502/994/531 507/997/531 328/1081/531
f 294/1082/532 328/1083/532 295/1084/532 329/1085/532 296/1086/532 297/1087/532 298/1088/532 270/1089/532
f 516/1090/533 517/1091/533 326/273/533
f 292/259/534 279/1063/534 499/1047/534 491/488/534
f 250/1058/535 290/1068/535 513/1092/535 508/1093/535
f 516/1090/536 326/273/536 325/267/536 510/1094/536
f 494/1095/537 293/261/537 320/263/537 274/1096/537
f 324/1097/538 323/1098/538 498/1099/538 502/1100/538
f 513/1092/539 290/1068/539 322/1069/539 511/1101/539
f 328/1102/540 253/1003/540 510/1005/540 294/1103/540
f 274/1096/541 320/263/541 292/259/541 492/490/541
f 285/480/542 327/1104/542 518/478/542
f 270/1105/543 271/1106/543 511/1107/543 298/1108/543
f 497/1109/544 498/1099/544 323/1098/544
f 518/1110/545 327/1111/545 326/273/545 517/1091/545
f 325/267/546 324/276/546 507/509/546 253/511/546
f 287/284/547 288/1112/547 303/1113/547 331/282/547
f 491/488/548 492/490/548 292/259/548
f 283/287/549 340/286/549 282/265/549
f 284/270/111 300/272/113 299/288/550
f 319/285/551 299/288/551 340/286/551
f 320/263/552 330/289/552 302/260/552
f 282/265/553 305/1114/553 318/266/553
f 311/1115/554 310/306/554 530/1116/554 308/1117/554
f 321/1118/555 303/1113/555 288/1112/555
f 338/1119/556 313/1120/556 337/1121/556 307/1122/556
f 309/555/557 530/1116/557 310/306/557
f 524/547/558 523/549/558 312/1123/558
f 310/306/559 314/300/559 529/553/559 309/555/559
f 312/1124/560 315/1125/560 525/1126/560 524/1127/560
f 314/300/561 340/299/561 335/1128/561 334/1129/561
f 522/920/562 337/919/562 313/1130/562
f 314/1131/563 334/1132/563 529/1133/563
f 316/1134/564 528/926/564 527/925/564 526/924/564
f 521/161/565 339/1135/565 317/1136/565 519/1137/565
f 317/1138/566 341/1139/566 520/1140/566 519/1141/566
f 306/1142/567 335/1143/567 340/1144/567
f 306/1145/568 340/294/568 338/293/568 336/1146/568
f 333/296/569 289/1147/569 311/1115/569 528/297/569
f 317/1138/570 302/1148/570 330/1149/570 341/1139/570
f 339/1135/571 301/1150/571 302/1151/571 317/1136/571
f 316/1152/572 321/1153/572 332/298/572 528/297/572
f 315/1154/573 303/1155/573 321/1153/573 316/1152/573
f 339/1156/574 313/1157/574 301/1158/574
f 312/1159/575 331/1160/575 303/1161/575 315/1162/575
f 286/292/576 331/1163/576 312/1164/576 341/290/576
f 314/300/577 310/306/577 305/302/577
f 300/304/578 313/303/578 338/293/578
f 289/1147/579 304/307/579 310/306/579 311/1115/579
f 505/1165/580 291/1059/580 250/1058/580 508/1093/580
f 297/1166/581 298/563/581 505/562/581 503/982/581
f 502/1167/582 507/509/582 324/276/582
f 503/982/583 499/988/583 297/1166/583
f 313/1168/584 339/1135/584 521/161/584 522/160/584
f 307/1169/585 336/1146/585 338/293/585
f 345/1170/586 359/1171/586 352/1172/586 400/1173/586
f 473/1174/587 361/323/587 346/325/587 470/1175/587
f 349/316/588 365/1176/588 486/1177/588 485/314/588
f 352/1172/589 359/1171/589 358/1178/589 476/1179/589
f 351/1180/590 343/1181/590 342/1182/590 484/1183/590
f 470/1184/591 346/1185/591 360/1186/591 471/1187/591
f 356/308/592 355/1188/592 480/1189/592 396/309/592
f 365/1176/593 364/312/593 478/311/593 486/1177/593
f 342/1182/594 350/1190/594 484/1183/594
f 347/319/595 362/318/595 353/1191/595 477/1192/595
f 358/1178/596 357/1193/596 475/1194/596 476/1179/596
f 480/1189/597 355/1188/597 354/1195/597 482/1196/597
f 350/1197/598 366/315/598 485/314/598 484/1198/598
f 471/1187/599 360/1186/599 345/1170/599 400/1173/599
f 353/1199/600 362/1200/600 361/1201/600 473/1202/600
f 357/1203/601 344/310/601 396/309/601 475/1204/601
f 482/1196/602 354/1195/602 343/1181/602 351/1180/602
f 478/311/603 348/313/603 347/1205/603 477/1206/603
f 342/322/604 343/1207/604 354/1208/604 367/320/604
f 352/1209/605 471/1210/605 400/1211/605
f 350/321/606 367/320/606 366/1212/606
f 472/1213/607 432/1214/607 453/331/607 474/330/607
f 378/1215/608 490/1216/608 377/1217/608
f 474/475/609 454/1218/609 433/1219/609
f 368/1220/610 488/1221/610 489/1222/610 378/1223/610
f 371/1224/611 372/1225/611 468/437/611 469/1226/611
f 375/1227/612 376/1228/612 479/1229/612 434/1230/612
f 376/1228/613 377/1231/613 487/1232/613 435/1233/613
f 435/1234/614 365/1235/614 349/1236/614 487/1237/614
f 432/1238/615 472/1239/615 452/1240/615
f 432/1241/616 452/1242/616 361/1243/616
f 355/1244/617 356/1245/617 369/1246/617 481/1247/617
f 451/336/618 360/1248/618 361/1249/618 452/337/618
f 364/1250/619 365/1235/619 435/1234/619 479/1251/619
f 483/434/620 354/1252/620 355/1253/620 481/1254/620
f 345/1255/621 360/1256/621 451/1257/621 468/1258/621
f 434/1259/622 348/1260/622 364/1250/622 479/1251/622
f 430/568/623 359/1261/623 345/1262/623 468/569/623
f 354/1252/624 483/434/624 488/436/624
f 363/1263/625 348/1264/625 434/1265/625 433/1266/625
f 367/320/626 354/1208/626 488/1267/626 489/1268/626
f 358/1269/627 359/1261/627 430/568/627 380/1270/627
f 379/1271/628 357/1272/628 358/1273/628 380/1274/628
f 433/1219/629 454/1218/629 363/1275/629
f 367/320/630 489/1268/630 490/1276/630
f 453/1277/631 362/318/631 363/317/631 454/1278/631
f 366/1212/632 367/320/632 490/1276/632 436/1279/632
f 344/1280/633 357/1281/633 379/1282/633 370/1283/633
f 361/1284/634 362/318/634 453/1277/634 432/1285/634
f 487/1237/635 349/1236/635 366/1212/635 436/1279/635
f 369/1246/636 356/1245/636 344/1280/636 370/1283/636
f 390/345/637 421/415/637 384/382/637 407/358/637
f 388/349/638 389/397/638 419/350/638
f 413/1286/639 391/1287/639 422/1288/639
f 407/358/640 384/382/640 419/1289/640 389/1290/640
f 422/1291/641 391/392/641 417/393/641
f 383/1292/642 384/382/642 398/381/642 397/1293/642
f 395/1294/643 394/377/643 382/379/643
f 470/1295/644 400/383/644 416/385/644
f 470/1296/645 385/1297/645 473/1298/645
f 383/417/646 397/1299/646 396/416/646
f 386/406/647 402/1300/647 401/404/647
f 486/1301/648 403/1302/648 411/391/648 485/390/648
f 402/1303/649 403/1302/649 486/1301/649 478/1304/649
f 482/1305/650 395/1306/650 396/1307/650 480/1308/650
f 394/1309/651 395/1310/651 482/1311/651 351/1312/651
f 352/1313/652 399/1314/652 400/1315/652 471/1316/652
f 401/1317/653 402/1303/653 478/1304/653 477/1318/653
f 476/1319/654 398/1320/654 399/1321/654 352/1322/654
f 351/1312/655 484/1323/655 394/1309/655
f 397/1324/656 398/1320/656 476/1319/656 475/1325/656
f 353/1326/657 385/1327/657 401/1317/657 477/1318/657
f 396/1328/658 397/1329/658 475/1330/658
f 404/375/659 484/389/659 485/390/659
f 353/1331/660 473/1332/660 385/1333/660
f 408/367/661 412/348/661 387/1334/661 406/370/661
f 392/355/662 417/393/662 405/364/662 406/366/662
f 412/348/663 395/1294/663 382/379/663 387/1334/663
f 409/361/664 405/363/664 420/353/664
f 411/357/665 410/356/665 404/1335/665
f 403/371/666 386/373/666 422/1291/666 417/393/666
f 383/1292/667 419/1289/667 384/382/667
f 385/420/668 414/419/668 413/1336/668
f 396/416/669 395/1294/669 412/348/669 419/350/669
f 410/394/670 418/396/670 404/1337/670
f 417/393/671 392/355/671 403/371/671
f 382/1338/672 381/414/672 418/401/672 387/403/672
f 415/347/673 420/346/673 470/1339/673
f 431/439/674 426/448/674 440/447/674 430/1340/674
f 401/1341/675 413/1342/675 422/1343/675
f 403/371/676 392/355/676 411/357/676
f 470/1344/677 420/353/677 414/352/677
f 428/1345/678 442/1346/678 435/1233/678 487/1232/678
f 426/448/679 452/1347/679 432/1348/679
f 430/1340/680 440/447/680 439/1349/680 380/1350/680
f 454/1351/681 433/1352/681 463/1353/681
f 488/430/682 424/429/682 423/427/682 490/426/682
f 435/1233/683 442/1346/683 441/1354/683 479/1229/683
f 451/438/684 452/1347/684 426/448/684
f 439/1349/685 438/1355/685 379/1356/685 380/1350/685
f 453/1357/686 454/1358/686 463/1359/686
f 441/1354/687 427/1360/687 434/1230/687 479/1229/687
f 488/430/688 429/422/688 455/425/688
f 443/1361/689 436/1362/689 490/1363/689
f 453/1277/690 463/1364/690 426/1365/690 432/1285/690
f 426/448/691 431/439/691 451/438/691
f 438/1366/692 425/423/692 429/422/692 379/441/692
f 436/1367/693 443/1368/693 428/1369/693 487/1370/693
f 434/1230/694 427/1360/694 463/1371/694 433/1372/694
f 488/1373/695 490/1374/695 489/1375/695
f 429/422/696 369/1376/696 370/440/696
f 429/1377/697 481/1378/697 369/1379/697
f 483/1380/698 481/1381/698 429/1382/698
f 431/439/699 430/1340/699 469/1226/699 468/437/699
f 467/1383/700 228/252/700 515/254/700
f 426/1384/701 450/1385/701 456/1386/701
f 261/1387/702 457/1388/702 463/1389/702 501/483/702
f 504/1390/703 226/1391/703 449/1392/703
f 501/483/704 463/1389/704 464/481/704
f 256/1393/705 462/1394/705 228/1395/705
f 464/1396/706 465/1397/706 262/1398/706
f 446/952/707 506/966/707 262/220/707 461/1399/707
f 506/1400/708 465/455/708 467/1401/708 509/1402/708
f 466/1403/709 450/1404/709 493/224/709
f 460/1405/710 225/1406/710 224/1407/710 445/1408/710
f 493/224/711 450/1404/711 457/1409/711 495/225/711
f 441/454/712 442/432/712 467/1401/712 465/455/712
f 450/1385/713 466/1410/713 456/1386/713
f 449/1411/714 440/1412/714 456/1413/714 466/1414/714
f 225/1415/715 512/1416/715 455/1417/715
f 438/466/716 439/462/716 449/461/716 226/467/716
f 512/1418/717 228/465/717 444/464/717
f 467/1401/718 442/432/718 443/431/718 228/465/718
f 437/451/719 425/468/719 226/467/719 225/452/719
f 68/61/720 37/648/720 603/1419/720 602/1420/720
f 457/1421/721 450/1422/721 426/1423/721
f 262/220/722 464/222/722 461/1399/722
f 36/52/723 67/62/723 600/1424/723 601/1425/723 599/1426/723
f 447/1427/724 515/959/724 509/958/724 446/952/724
f 465/455/725 506/1400/725 262/1428/725
f 463/1389/726 427/456/726 465/455/726 464/481/726
f 373/1429/727 472/1213/727 474/330/727
f 488/436/728 483/434/728 368/1430/728
f 370/1431/729 379/1271/729 380/1274/729 371/1432/729
f 468/1433/730 452/1434/730 372/1435/730
f 374/476/731 474/475/731 433/1219/731 375/1436/731
f 66/55/732 33/643/732 594/1437/732 593/1438/732 592/1439/732
f 433/1266/733 434/1265/733 375/1440/733
f 378/1441/734 490/1374/734 489/1375/734
f 369/1442/735 368/1430/735 483/434/735 481/1254/735
f 232/1443/736 230/1444/736 462/967/736 228/449/736
f 495/1445/737 261/1446/737 501/1447/737 461/1448/737
f 491/1449/738 492/1450/738 246/1451/738
f 34/649/739 35/53/739 597/1452/739 598/1453/739
f 513/1092/740 511/1101/740 298/1454/740
f 275/504/741 496/559/741 497/505/741
f 459/1455/742 458/1456/742 514/1457/742 512/1458/742
f 517/1091/743 516/1090/743 294/1459/743
f 510/1005/744 516/1014/744 249/1460/744
f 35/1461/745 36/1462/745 599/1463/745 597/1464/745
f 271/1465/746 285/1466/746 270/1467/746
f 296/489/747 329/1468/747 494/1095/747 274/1096/747
f 508/1093/748 513/1092/748 298/1454/748
f 506/1042/749 509/1469/749 446/1043/749
f 270/479/750 518/478/750 517/1470/750 294/1471/750
f 273/1472/751 245/1473/751 503/982/751 499/988/751
f 448/1474/752 447/1475/752 515/254/752 228/252/752
f 248/1476/753 275/504/753 498/503/753 502/561/753
f 464/964/754 501/963/754 233/1477/754
f 462/1478/755 448/1479/755 228/1480/755
f 245/1473/756 505/562/756 503/982/756
f 445/1481/757 459/1482/757 512/1483/757 224/1484/757
f 232/951/758 515/959/758 509/958/758 446/952/758
f 500/1485/759 504/1390/759 449/1392/759
f 496/281/760 247/1486/760 494/280/760
f 517/1487/761 518/1488/761 277/1489/761
f 274/1490/762 492/1491/762 296/1492/762
f 466/571/763 493/1493/763 500/572/763
f 296/489/764 491/488/764 499/1047/764 297/1494/764
f 507/1495/765 253/1496/765 276/1497/765
f 264/1498/766 234/1499/766 493/961/766 466/960/766
f 495/225/767 500/1500/767 493/224/767
f 33/643/768 34/649/768 598/1453/768 594/1437/768
f 329/1501/769 295/1502/769 498/1099/769 497/1109/769
f 512/233/770 514/492/770 231/491/770
f 72/650/771 73/647/771 589/1503/771 590/1504/771 591/1505/771
f 235/1506/772 225/450/772 224/210/772 231/491/772
f 31/654/773 32/656/773 586/1507/773 587/1508/773
f 277/1509/774 249/1460/774 516/1014/774 517/1510/774
f 526/839/775 525/844/775 194/840/775
f 309/853/776 530/855/776 193/1511/776
f 32/56/777 66/55/777 592/1439/777 586/1512/777
f 195/841/778 194/840/778 523/1513/778 520/1514/778
f 520/832/779 519/845/779 195/1515/779
f 164/1516/780 335/851/780 334/860/780 193/1517/780
f 163/1518/781 336/1519/781 306/1520/781 164/1521/781
f 306/846/782 335/851/782 164/1516/782
f 127/698/783 535/719/783 536/720/783 86/699/783
f 538/715/784 537/714/784 126/697/784
f 124/1522/785 551/96/785 545/709/785 125/1523/785
f 204/1524/786 171/896/786 546/900/786
f 213/1525/787 547/1526/787 548/1527/787 203/1528/787
f 171/1529/788 203/1530/788 548/1531/788
f 206/1532/789 540/877/789 534/880/789 173/1533/789
f 205/1534/790 544/1535/790 541/1536/790 172/1537/790
f 536/703/791 534/702/791 86/1538/791
f 207/1539/792 173/1533/792 534/880/792 536/888/792
f 178/1540/793 551/543/793 550/541/793 179/1541/793
f 534/712/794 540/98/794 86/699/794
f 176/1542/795 210/1543/795 537/95/795 538/881/795
f 209/1544/796 208/1545/796 532/1546/796 533/1547/796
f 128/522/797 86/1548/797 540/1549/797 541/523/797
f 213/1550/798 179/1551/798 550/1552/798 549/1553/798
f 211/1554/799 176/1555/799 538/706/799 539/707/799
f 208/1556/800 175/1557/800 531/127/800 532/701/800
f 129/525/801 128/522/801 544/521/801 546/526/801
f 174/1558/802 535/903/802 531/902/802 175/1559/802
f 14/604/803 59/603/803 568/630/803 569/609/803
f 17/1560/804 61/1561/804 554/617/804 552/616/804
f 103/1562/805 102/1563/805 562/772/805 564/771/805
f 569/609/806 570/608/806 14/604/806
f 137/1564/807 145/1565/807 107/750/807 567/752/807
f 138/1566/808 137/1564/808 567/752/808 566/766/808
f 141/1567/809 140/1568/809 560/20/809 555/18/809
f 18/1569/810 17/528/810 557/527/810 555/1570/810
f 139/1571/811 563/746/811 561/745/811 94/1572/811
f 141/1567/812 555/18/812 557/1573/812 95/1574/812
f 60/606/813 559/626/813 558/625/813 16/597/813
f 144/1575/814 103/1576/814 570/1577/814 569/1578/814
f 143/1579/815 106/1580/815 558/1581/815 99/1582/815
f 98/1583/816 97/1584/816 552/778/816 554/782/816
f 144/1575/817 569/1578/817 568/1585/817 145/1586/817
f 62/536/818 19/1587/818 565/611/818 566/537/818
f 100/1588/819 99/1582/819 558/1581/819 559/1589/819
f 97/1590/820 142/1591/820 553/1592/820 552/1593/820
f 96/1594/821 556/22/821 553/23/821 142/1595/821
f 563/610/822 565/611/822 19/1587/822
f 105/1596/823 570/1597/823 564/771/823 111/770/823
f 561/1598/824 10/13/824 53/574/824 563/610/824
f 59/24/825 107/26/825 567/1599/825 62/1600/825
f 54/4/826 10/587/826 560/1601/826 555/1570/826
f 57/70/827 564/628/827 570/608/827
f 553/23/828 552/778/828 17/21/828
f 149/588/829 11/48/829 556/529/829 553/1602/829
f 107/750/830 567/752/830 58/1603/830 568/1604/830
f 12/585/831 56/584/831 106/1605/831 558/1606/831
f 533/868/832 115/683/832 120/682/832 532/799/832
f 10/13/833 561/1598/833 560/1607/833
f 115/683/834 533/868/834 537/714/834
f 79/681/835 84/82/835 549/1608/835 547/689/835
f 538/1609/836 539/515/836 121/688/836
f 101/810/837 147/809/837 559/1610/837 100/1611/837
f 84/82/838 550/1612/838 549/1608/838
f 560/1613/839 561/1614/839 104/1615/839
f 525/1616/840 190/1617/840 159/1618/840 524/1619/840
f 531/127/841 532/701/841 127/128/841
f 535/1620/842 531/1621/842 82/1622/842
f 548/690/843 171/524/843 117/90/843
f 542/1623/844 543/1624/844 83/1625/844
f 104/544/845 563/746/845 565/545/845
f 195/1626/846 161/159/846 521/161/846 519/1137/846
f 541/191/847 215/200/847 540/1627/847
f 537/95/848 533/94/848 214/187/848
f 212/889/849 177/1628/849 543/800/849 542/517/849
f 547/1629/850 549/1630/850 84/1631/850
f 71/1632/851 72/1633/851 591/1634/851 595/1635/851
f 546/900/852 117/899/852 541/1536/852 544/1535/852
f 150/1636/853 156/1637/853 337/1638/853 522/1639/853
f 529/1640/854 334/860/854 154/825/854
f 192/157/855 308/838/855 530/556/855
f 528/156/856 160/158/856 191/826/856 527/1641/856
f 527/1641/857 191/826/857 190/154/857 526/839/857
f 177/1642/858 178/1643/858 551/1644/858 545/1645/858
f 233/1646/859 234/1647/859 495/1445/859 261/1446/859
f 261/1648/860 260/1649/860 493/1650/860 495/1651/860
f 264/1652/861 235/1653/861 504/1390/861 449/1392/861
f 30/651/862 31/654/862 587/1508/862 588/1654/862
f 39/50/863 40/49/863 607/1655/863 608/1656/863 609/1657/863
f 281/1658/864 496/1659/864 494/1660/864 274/1661/864
f 281/998/865 274/1662/865 492/999/865
f 511/1663/866 250/1664/866 508/1665/866 513/1666/866
f 228/949/867 227/201/867 515/959/867
f 256/1667/868 229/1668/868 462/1669/868
f 272/1670/869 245/1671/869 505/1165/869 508/1093/869
f 285/1672/870 511/1107/870 271/1106/870
f 511/1101/871 322/1069/871 285/264/871 271/1673/871
f 293/1078/872 494/1674/872 496/1079/872
f 510/1005/873 516/1014/873 294/1103/873
f 341/290/874 312/1164/874 523/1675/874 520/1676/874
f 525/1677/875 315/1678/875 316/1134/875 526/924/875
f 528/926/876 311/1679/876 308/923/876
f 279/271/877 291/1059/877 505/1165/877 503/1680/877
f 70/660/878 71/659/878 595/1681/878 596/1682/878
f 38/46/879 39/45/879 609/1683/879 605/1684/879
f 373/1685/880 472/1686/880 452/1687/880
f 458/1688/881 256/1667/881 462/1669/881
f 337/1689/882 156/138/882 188/150/882 307/1690/882
f 73/1691/883 30/651/883 588/1654/883 589/1692/883
f 69/664/884 70/660/884 596/1682/884 604/1693/884
f 457/1694/885 261/1446/885 495/1445/885
f 37/1695/886 38/46/886 605/1684/886 606/1696/886 603/1697/886
f 515/1698/887 509/1402/887 467/1401/887
f 336/847/888 188/821/888 155/142/888
f 188/821/889 336/847/889 307/1699/889
f 40/49/890 69/664/890 604/1693/890 607/1655/890
f 67/62/891 68/61/891 602/1420/891 600/1424/891
f 576/1700/892 590/1701/892 589/1702/892 588/1703/892 587/1704/892 586/1705/892 592/1706/892 593/1707/892 577/1708/892
f 577/1709/893 593/1710/893 594/1711/893 598/1712/893 597/1464/893 599/1463/893 601/1713/893 578/1714/893
f 578/1715/894 601/1716/894 600/1717/894 602/1718/894 603/1719/894 606/1720/894 579/1721/894
f 583/1722/895 579/1723/895 580/1724/895 584/1725/895
f 579/1723/896 606/1726/896 605/1727/896 609/1728/896 608/1729/896 580/1724/896
f 580/1730/897 608/1656/897 607/1655/897 604/1693/897 596/1682/897 595/1681/897 591/1505/897 590/1504/897 576/1731/897
f 584/1732/898 580/1733/898 576/1734/898 585/1735/898
f 582/1736/899 578/1737/899 579/1723/899 583/1722/899
f 581/1738/900 577/1709/900 578/1714/900 582/1739/900
f 585/1740/901 576/1700/901 577/1708/901 581/1741/901
f 571/1742/902 585/1740/902 581/1741/902 572/1743/902
f 572/1744/903 581/1745/903 582/1746/903 573/1747/903
f 573/1747/904 582/1746/904 583/1748/904 574/1749/904
f 575/1750/905 584/1732/905 585/1735/905 571/1751/905
f 574/1752/906 583/1722/906 584/1725/906 575/1753/906
